{"stat.useItem.355":1,"stat.walkOneCm":229212,"achievement.openInventory":35,"stat.leaveGame":1,"stat.damageTaken":30,"stat.mineBlock.175":1,"achievement.cfm_mailbox":1,"achievement.cfm_heyeyey":2,"stat.mobKills":3,"achievement.cfm_install":1,"stat.flyOneCm":94722,"stat.mineBlock.18":56,"achievement.cfm_bathroom":1,"stat.drop":6,"achievement.cfm_houseparty":11,"stat.jump":241,"stat.swimOneCm":7574,"achievement.cfm_moderntechnology":5,"stat.playOneMinute":44626,"stat.fallOneCm":3078,"stat.useItem.3":9,"stat.damageDealt":355,"stat.killEntity.Cow":3,"achievement.exploreAllBiomes":{"value":0,"progress":["ForestHills","Flower Forest","River","Forest","Plains","Taiga","Extreme Hills","Swampland","TaigaHills"]},"stat.diveOneCm":6292,"stat.mineBlock.31":4,"achievement.cfm_gardening":23,"achievement.cfm_dingdong":20}