{"stat.leaveGame":32,"stat.mineBlock.134":4,"stat.mineBlock.139":10,"stat.mineBlock.14":76,"stat.mineBlock.13":42,"stat.mineBlock.16":165,"stat.mineBlock.15":370,"stat.mineBlock.18":879,"stat.mineBlock.17":543,"stat.mineBlock.12":150,"achievement.diamonds":17,"stat.killEntity.Enderman":1,"achievement.buildPickaxe":18,"stat.killEntity.Witch":6,"achievement.buildBetterPickaxe":18,"stat.mineBlock.126":24,"stat.mineBlock.127":4,"achievement.breedCow":6,"stat.mineBlock.175":34,"achievement.mineWood":593,"stat.useItem.87":2,"stat.useItem.89":1,"stat.useItem.85":326,"achievement.openInventory":966,"stat.useItem.81":8,"stat.mineBlock.161":23,"stat.mineBlock.162":64,"stat.mineBlock.159":4,"stat.deaths":7,"stat.useItem.95":6,"stat.playOneMinute":1873721,"stat.fallOneCm":222130,"achievement.killCow":42,"stat.craftItem.1":14,"stat.craftItem.5":1496,"stat.entityKilledBy.Ghast":4,"stat.blockChiseled":7300,"achievement.portal":10,"stat.useItem.6":29,"achievement.acquireIron":20,"stat.useItem.1":5,"stat.useItem.4":267,"stat.useItem.5":517,"stat.useItem.3":1512,"stat.useItem.351":30,"stat.useItem.355":24,"stat.craftItem.101":16,"stat.craftItem.102":16,"stat.useItem.359":256,"stat.craftItem.61":6,"stat.horseOneCm":522,"stat.craftItem.67":8,"stat.swimOneCm":531996,"stat.craftItem.333":9,"stat.useItem.126":104,"stat.climbOneCm":19927,"achievement.buildWorkBench":10,"achievement.exploreAllBiomes":{"value":0,"progress":["Sunflower Plains","Roofed Forest","Birch Forest","Extreme Hills M","Taiga M","Beach","Extreme Hills+","River","Ocean","JungleEdge","Taiga","Swampland","Birch Forest Hills","Savanna Plateau","ForestHills","Flower Forest","Jungle M","Plains","TaigaHills","DesertHills","Stone Beach","Birch Forest M","Jungle","Forest","Birch Forest Hills M","Desert","Extreme Hills","Deep Ocean","Savanna","Hell"]},"stat.craftItem.362":8,"stat.craftItem.364":108,"stat.craftItem.366":42,"stat.craftItem.85":250,"stat.craftItem.89":4,"stat.mineBlock.4":53,"stat.mineBlock.5":49,"stat.mineBlock.3":2124,"stat.mineBlock.1":1479,"stat.craftItem.82":5,"stat.craftItem.359":2,"stat.mineBlock.6":11,"stat.flyOneCm":1015395,"stat.craftItem.351":107,"stat.useItem.102":7,"stat.useItem.101":8,"stat.craftItem.355":5,"stat.useItem.107":1,"stat.craftItem.95":48,"stat.craftItem.107":10,"stat.craftItem.420":4,"stat.craftItem.20":117,"stat.killEntity.Creeper":15,"stat.useItem.323":4,"stat.entityKilledBy.Skeleton":1,"achievement.buildSword":4,"stat.killEntity.Squid":8,"stat.craftItem.320":9,"stat.breakItem.271":1,"stat.craftItem.323":3,"stat.breakItem.274":3,"stat.breakItem.273":4,"stat.breakItem.275":1,"stat.craftItem.44":6,"stat.craftItem.314":1,"achievement.killEnemy":157,"achievement.buildFurnace":4,"stat.craftItem.58":9,"stat.drop":318,"stat.craftItem.53":28,"stat.craftItem.50":312,"stat.killEntity.Sheep":20,"stat.breakItem.267":4,"stat.craftItem.54":18,"stat.breakItem.269":6,"stat.breakItem.259":2,"stat.killEntity.Zombie":44,"stat.craftItem.306":1,"stat.diveOneCm":160949,"stat.useItem.67":6,"stat.useItem.61":11,"stat.breakItem.256":4,"stat.breakItem.258":7,"stat.breakItem.257":11,"stat.killEntity.Slime":47,"stat.mineBlock.81":37,"stat.mineBlock.82":6,"stat.mineBlock.85":67,"stat.mineBlock.89":16,"stat.craftItem.297":17,"stat.jump":14173,"stat.breakItem.359":1,"stat.mineBlock.99":5,"stat.useItem.175":1,"stat.useItem.295":101,"stat.useItem.44":10,"stat.boatOneCm":418809,"stat.damageTaken":26810,"stat.mineBlock.61":6,"achievement.cfm_install":22,"stat.mineBlock.67":2,"stat.useItem.49":13,"stat.useItem.53":20,"stat.useItem.54":18,"stat.useItem.50":336,"stat.entityKilledBy.Zombie":1,"stat.damageDealt":57245,"stat.killEntity.Cow":80,"stat.killEntity.Pig":33,"stat.mineBlock.73":71,"stat.useItem.58":21,"stat.useItem.274":268,"stat.useItem.20":61,"stat.useItem.273":531,"stat.craftItem.262":4,"stat.craftItem.263":1,"stat.mineBlock.49":18,"stat.useItem.275":32,"stat.walkOneCm":13565996,"stat.craftItem.265":292,"stat.useItem.278":809,"stat.craftItem.266":51,"stat.animalsBred":34,"stat.craftItem.267":4,"stat.useItem.159":238,"stat.craftItem.258":7,"stat.craftItem.259":3,"stat.craftItem.139":18,"stat.useItem.160":22,"stat.useItem.162":2,"stat.mineBlock.44":6,"stat.mineBlock.58":14,"stat.craftItem.134":12,"stat.craftItem.256":6,"stat.craftItem.257":13,"stat.craftItem.136":8,"stat.mineBlock.103":7,"stat.mineBlock.101":8,"stat.mineBlock.102":1,"stat.mineBlock.50":23,"stat.mineBlock.107":1,"stat.craftItem.126":72,"stat.mineBlock.106":28,"stat.mineBlock.54":4,"stat.mineBlock.53":2,"stat.useItem.37":11,"stat.mineBlock.56":18,"stat.useItem.38":3,"stat.mineBlock.24":4,"stat.killEntity.Skeleton":32,"stat.useItem.256":1011,"stat.useItem.134":16,"stat.useItem.258":1579,"stat.useItem.257":2838,"stat.useItem.136":8,"stat.useItem.139":28,"stat.useItem.259":135,"stat.killEntity.Chicken":55,"stat.craftItem.280":964,"stat.craftItem.160":112,"stat.killEntity.Spider":36,"stat.mobKills":380,"stat.mineBlock.21":18,"stat.mineBlock.20":36,"stat.craftItem.273":4,"stat.mineBlock.38":157,"stat.craftItem.274":2,"stat.mineBlock.37":5,"stat.useItem.12":26,"stat.useItem.267":1321,"stat.useItem.269":360,"stat.craftItem.278":1,"stat.craftItem.271":1,"stat.useItem.17":68,"stat.craftItem.269":6,"stat.useItem.13":10,"stat.mineBlock.32":2,"stat.mineBlock.31":458,"stat.useItem.271":32}