{"stat.useItem.67":7,"stat.useItem.355":3,"stat.useItem.113":4,"stat.leaveGame":14,"stat.useItem.76":179,"stat.mineBlock.18":3,"stat.jump":1857,"stat.swimOneCm":6806,"stat.useItem.126":97,"achievement.exploreAllBiomes":{"value":0,"progress":["River","Forest","Taiga M","Plains","Taiga"]},"stat.useItem.42":28,"stat.useItem.44":321,"stat.useItem.46":38,"achievement.cfm_install":6,"stat.useItem.48":1,"stat.flyOneCm":2659858,"stat.useItem.50":191,"stat.useItem.109":140,"stat.damageDealt":1015,"stat.killEntity.Silverfish":8,"stat.useItem.58":2,"stat.useItem.155":1508,"stat.useItem.397":1,"stat.useItem.276":2,"stat.useItem.22":71,"stat.walkOneCm":2525813,"stat.useItem.156":296,"stat.useItem.159":65,"stat.blockChiseled":190,"stat.useItem.160":86,"stat.useItem.161":5,"stat.useItem.164":67,"stat.useItem.321":4,"stat.useItem.323":6,"stat.useItem.172":4,"stat.useItem.86":1,"stat.useItem.89":10,"stat.useItem.82":3,"stat.useItem.134":54,"stat.useItem.85":136,"stat.useItem.139":50,"achievement.openInventory":400,"stat.useItem.259":454,"stat.mobKills":8,"stat.useItem.97":8,"stat.useItem.98":457,"stat.useItem.267":11,"stat.drop":11,"stat.useItem.148":15,"stat.useItem.389":2,"stat.playOneMinute":929717,"stat.useItem.1":44,"stat.useItem.4":25,"stat.useItem.5":102,"stat.useItem.3":2719,"stat.useItem.17":1,"stat.useItem.18":109,"stat.diveOneCm":1123}