{"stat.useItem.355":8,"stat.craftItem.61":1,"stat.leaveGame":5,"stat.craftItem.65":6,"stat.mineBlock.134":7,"stat.mineBlock.13":10,"stat.mineBlock.16":26,"stat.mineBlock.15":22,"stat.mineBlock.18":314,"stat.mineBlock.17":320,"stat.swimOneCm":20113,"stat.useItem.126":20,"stat.climbOneCm":17531,"achievement.buildWorkBench":3,"stat.craftItem.324":1,"stat.craftItem.325":1,"achievement.exploreAllBiomes":{"value":0,"progress":["Extreme Hills+","River","Forest","Taiga M","Taiga","Extreme Hills"]},"stat.mineBlock.12":20,"stat.craftItem.364":6,"stat.craftItem.366":1,"stat.entityKilledBy.Spider":1,"stat.craftItem.85":288,"stat.mineBlock.5":45,"stat.mineBlock.3":375,"stat.mineBlock.1":63,"stat.flyOneCm":37213,"stat.craftItem.355":1,"achievement.buildPickaxe":2,"stat.useItem.107":6,"achievement.buildBetterPickaxe":2,"stat.mineBlock.126":8,"stat.craftItem.107":6,"stat.useItem.324":2,"achievement.buildSword":3,"achievement.mineWood":318,"stat.useItem.86":1,"stat.breakItem.271":3,"stat.useItem.85":314,"achievement.openInventory":124,"stat.breakItem.273":1,"stat.breakItem.275":1,"achievement.killEnemy":4,"stat.craftItem.58":3,"stat.deaths":2,"stat.drop":36,"stat.playOneMinute":288942,"stat.craftItem.50":76,"stat.killEntity.Sheep":1,"stat.craftItem.54":2,"stat.breakItem.269":1,"stat.killEntity.Zombie":1,"stat.diveOneCm":2823,"stat.useItem.65":5,"stat.useItem.61":1,"achievement.buildHoe":1,"stat.mineBlock.85":42,"stat.mineBlock.86":1,"stat.jump":1712,"stat.fallOneCm":19964,"stat.craftItem.291":1,"stat.useItem.295":41,"stat.craftItem.5":900,"stat.damageTaken":1890,"stat.useItem.54":2,"stat.useItem.50":37,"stat.damageDealt":1825,"stat.killEntity.Pig":3,"stat.useItem.58":3,"stat.useItem.274":132,"stat.useItem.273":132,"stat.useItem.275":234,"stat.walkOneCm":1884273,"stat.craftItem.265":26,"stat.craftItem.267":2,"stat.animalsBred":3,"stat.blockChiseled":65,"stat.mineBlock.58":1,"stat.craftItem.134":96,"stat.craftItem.256":1,"stat.craftItem.257":1,"stat.craftItem.126":12,"stat.mineBlock.50":8,"stat.useItem.291":26,"stat.useItem.38":4,"stat.killEntity.Skeleton":2,"stat.useItem.256":55,"stat.useItem.134":95,"stat.killEntity.Chicken":3,"stat.craftItem.280":968,"stat.killEntity.Spider":1,"stat.mobKills":11,"stat.craftItem.272":1,"stat.craftItem.273":1,"stat.craftItem.274":1,"stat.useItem.6":1,"stat.mineBlock.38":6,"stat.craftItem.275":2,"stat.mineBlock.37":3,"stat.useItem.269":60,"stat.useItem.5":224,"stat.craftItem.271":6,"stat.useItem.3":299,"stat.craftItem.269":1,"stat.useItem.17":76,"stat.useItem.13":9,"stat.mineBlock.31":217,"stat.useItem.272":136,"stat.useItem.271":224}