{"stat.useItem.355":4,"stat.craftItem.67":4,"stat.leaveGame":23,"stat.entityKilledBy.Witch":1,"stat.mineBlock.14":8,"stat.mineBlock.13":11,"stat.mineBlock.16":156,"stat.mineBlock.15":62,"stat.mineBlock.18":143,"stat.mineBlock.17":321,"stat.swimOneCm":200198,"stat.climbOneCm":29413,"stat.craftItem.324":1,"achievement.exploreAllBiomes":{"value":0,"progress":["ForestHills","Extreme Hills+","Flower Forest","Roofed Forest","River","Forest","Taiga M","Plains","Taiga","Extreme Hills","TaigaHills"]},"stat.mineBlock.12":77,"stat.craftItem.364":17,"stat.craftItem.366":11,"stat.useItem.338":40,"stat.mineBlock.4":68,"stat.mineBlock.5":7,"stat.mineBlock.3":497,"stat.mineBlock.1":589,"stat.flyOneCm":56961,"stat.craftItem.355":1,"stat.mineBlock.175":32,"achievement.mineWood":256,"stat.useItem.86":2,"stat.craftItem.320":10,"stat.breakItem.271":2,"stat.useItem.85":1,"stat.breakItem.274":2,"achievement.openInventory":291,"stat.breakItem.275":1,"stat.mineBlock.160":1,"stat.deaths":3,"stat.drop":280,"stat.playOneMinute":1366398,"stat.craftItem.50":4,"stat.killEntity.Sheep":1,"stat.craftItem.54":4,"stat.killEntity.Zombie":5,"stat.diveOneCm":33022,"stat.useItem.67":6,"stat.breakItem.256":2,"stat.breakItem.257":4,"stat.mineBlock.86":2,"stat.jump":4298,"stat.fallOneCm":31411,"stat.craftItem.291":1,"stat.mineBlock.95":4,"stat.useItem.175":25,"stat.useItem.295":35,"stat.boatOneCm":724,"stat.craftItem.5":1018,"stat.damageTaken":5220,"achievement.cfm_install":16,"stat.mineBlock.67":4,"stat.useItem.54":4,"stat.useItem.50":34,"stat.damageDealt":5975,"stat.killEntity.Cow":12,"stat.killEntity.Pig":2,"stat.mineBlock.73":7,"stat.useItem.274":369,"stat.useItem.273":37,"stat.useItem.275":152,"stat.craftItem.143":1,"stat.walkOneCm":5357769,"stat.craftItem.265":24,"stat.craftItem.266":7,"stat.animalsBred":7,"stat.craftItem.267":2,"stat.blockChiseled":371,"stat.craftItem.258":2,"stat.useItem.160":22,"stat.craftItem.257":3,"stat.mineBlock.50":23,"stat.useItem.291":14,"stat.useItem.37":2,"stat.useItem.38":166,"stat.useItem.256":454,"stat.useItem.258":239,"stat.useItem.257":1171,"stat.entityKilledBy.Wolf":1,"stat.killEntity.Chicken":12,"stat.craftItem.280":26,"stat.killEntity.Spider":5,"stat.mobKills":37,"stat.craftItem.272":1,"stat.craftItem.273":1,"stat.craftItem.274":3,"stat.mineBlock.38":166,"stat.craftItem.275":2,"stat.mineBlock.37":4,"stat.useItem.267":160,"stat.useItem.4":328,"stat.useItem.5":4,"stat.craftItem.270":1,"stat.useItem.3":382,"stat.useItem.18":41,"stat.useItem.270":46,"stat.mineBlock.31":86,"stat.useItem.272":70,"stat.useItem.271":113}