{"stat.useItem.351":90,"stat.useItem.155":746,"stat.useItem.67":2,"stat.walkOneCm":1075033,"stat.useItem.355":4,"stat.useItem.156":182,"stat.useItem.159":37,"stat.leaveGame":16,"stat.blockChiseled":123,"stat.useItem.31":1,"stat.jump":773,"stat.swimOneCm":13,"stat.useItem.324":1,"achievement.exploreAllBiomes":{"value":0,"progress":["Flower Forest","River","Forest","Taiga M","Taiga"]},"stat.useItem.42":2,"stat.useItem.175":1,"stat.useItem.44":251,"stat.useItem.41":2,"achievement.openInventory":242,"stat.useItem.259":75,"achievement.cfm_install":9,"stat.useItem.54":1,"stat.useItem.98":3,"stat.flyOneCm":1125022,"stat.useItem.6":7,"stat.useItem.50":3,"stat.drop":41,"stat.useItem.95":18,"stat.useItem.96":10,"stat.playOneMinute":569385,"stat.useItem.109":43,"stat.useItem.3":355,"stat.useItem.17":42,"stat.diveOneCm":411,"stat.useItem.58":1}