{"stats":{"minecraft:mined":{"minecraft:spruce_planks":22,"minecraft:cobblestone_stairs":3,"minecraft:stripped_birch_log":24,"minecraft:granite":6,"minecraft:grass_block":760,"minecraft:spruce_leaves":11,"minecraft:oxeye_daisy":1,"minecraft:sandstone":2,"minecraft:hay_block":4,"minecraft:redstone_ore":23,"minecraft:furnace":8,"minecraft:iron_ore":228,"minecraft:andesite":17,"minecraft:stripped_spruce_log":10,"minecraft:pumpkin":1,"minecraft:anvil":2,"minecraft:potatoes":9,"minecraft:stripped_oak_log":19,"minecraft:stone":514,"minecraft:white_wool":3,"minecraft:spruce_slab":3,"minecraft:podzol":68,"minecraft:clay":23,"minecraft:cornflower":1,"minecraft:crafting_table":4,"minecraft:torch":23,"minecraft:poppy":10,"minecraft:chest":1,"minecraft:cobblestone":1,"minecraft:campfire":1,"minecraft:glass":4,"minecraft:lapis_ore":8,"minecraft:grindstone":1,"minecraft:oak_planks":18,"minecraft:sugar_cane":1,"minecraft:wall_torch":10,"minecraft:diorite":37,"minecraft:spruce_stairs":5,"minecraft:seagrass":1,"minecraft:birch_planks":20,"minecraft:birch_log":46,"minecraft:wheat":14,"minecraft:sweet_berry_bush":2,"minecraft:spruce_log":156,"minecraft:grass_path":2,"minecraft:grass":239,"minecraft:coal_ore":530,"minecraft:oak_log":146,"minecraft:gravel":67,"minecraft:sand":134,"minecraft:dirt":153,"minecraft:cobweb":18,"minecraft:stone_bricks":15,"minecraft:gold_ore":6,"minecraft:oak_leaves":29,"minecraft:fern":2},"minecraft:picked_up":{"minecraft:wooden_axe":1,"minecraft:fishing_rod":2,"minecraft:charcoal":6,"minecraft:iron_chestplate":2,"minecraft:crafting_table":6,"minecraft:wheat":12,"minecraft:azure_bluet":1,"minecraft:chicken":4,"minecraft:clay_ball":92,"minecraft:anvil":2,"minecraft:brown_mushroom":1,"minecraft:wooden_pickaxe":1,"minecraft:enchanted_book":2,"minecraft:shield":2,"minecraft:cornflower":1,"minecraft:string":36,"minecraft:cooked_salmon":2,"minecraft:iron_axe":4,"minecraft:iron_leggings":3,"minecraft:pufferfish":4,"minecraft:spruce_planks":21,"minecraft:oak_boat":3,"minecraft:wooden_shovel":1,"minecraft:poppy":10,"minecraft:iron_pickaxe":1,"minecraft:spruce_slab":4,"minecraft:sugar_cane":3,"minecraft:chest":1,"minecraft:birch_sapling":6,"minecraft:furnace":8,"minecraft:iron_boots":2,"minecraft:egg":3,"minecraft:stick":25,"minecraft:sandstone":2,"minecraft:torch":55,"minecraft:spruce_stairs":5,"minecraft:porkchop":12,"minecraft:diorite":37,"minecraft:carrot":3,"minecraft:redstone":88,"minecraft:arrow":40,"minecraft:stone_shovel":1,"minecraft:rotten_flesh":64,"minecraft:tropical_fish":1,"minecraft:hay_block":4,"minecraft:saddle":1,"minecraft:gold_ingot":2,"minecraft:obsidian":4,"minecraft:mutton":6,"minecraft:cod":26,"minecraft:oxeye_daisy":1,"minecraft:white_wool":7,"minecraft:cobblestone":530,"minecraft:stripped_oak_log":19,"minecraft:nautilus_shell":2,"minecraft:birch_log":46,"minecraft:lilac":17,"minecraft:feather":3,"minecraft:cooked_beef":13,"minecraft:andesite":19,"minecraft:salmon":17,"minecraft:leather":6,"minecraft:birch_planks":20,"minecraft:potato":37,"minecraft:filled_map":1,"minecraft:flint":8,"minecraft:oak_log":142,"minecraft:lapis_lazuli":50,"minecraft:gunpowder":18,"minecraft:cobblestone_stairs":3,"minecraft:stripped_birch_log":24,"minecraft:dirt":1074,"minecraft:cooked_mutton":2,"minecraft:bone":25,"minecraft:apple":7,"minecraft:stone_bricks":15,"minecraft:bow":6,"minecraft:wheat_seeds":112,"minecraft:iron_ore":230,"minecraft:grindstone":2,"minecraft:iron_ingot":4,"minecraft:stone_pickaxe":2,"minecraft:iron_sword":3,"minecraft:stone_hoe":2,"minecraft:oak_planks":19,"minecraft:pumpkin":2,"minecraft:sweet_berries":59,"minecraft:dandelion":4,"minecraft:gravel":55,"minecraft:sand":144,"minecraft:stripped_spruce_log":12,"minecraft:spruce_sapling":11,"minecraft:ink_sac":16,"minecraft:spruce_log":166,"minecraft:gold_ore":6,"minecraft:spider_eye":6,"minecraft:spruce_door":1,"minecraft:iron_helmet":3,"minecraft:granite":8,"minecraft:emerald":30,"minecraft:bread":18,"minecraft:baked_potato":12,"minecraft:oak_sapling":13,"minecraft:coal":583},"minecraft:custom":{"minecraft:mob_kills":121,"minecraft:interact_with_crafting_table":105,"minecraft:interact_with_campfire":17,"minecraft:bell_ring":16,"minecraft:leave_game":27,"minecraft:time_since_death":282077,"minecraft:climb_one_cm":920,"minecraft:sprint_one_cm":745006,"minecraft:walk_one_cm":1817010,"minecraft:damage_blocked_by_shield":2295,"minecraft:drop":51,"minecraft:talked_to_villager":85,"minecraft:sneak_time":10004,"minecraft:deaths":2,"minecraft:walk_under_water_one_cm":57349,"minecraft:boat_one_cm":207043,"minecraft:interact_with_brewingstand":1,"minecraft:jump":3395,"minecraft:walk_on_water_one_cm":145027,"minecraft:interact_with_furnace":165,"minecraft:traded_with_villager":46,"minecraft:interact_with_cartography_table":1,"minecraft:play_one_minute":530617,"minecraft:sleep_in_bed":23,"minecraft:time_since_rest":20651,"minecraft:damage_taken":4157,"minecraft:damage_dealt":21253,"minecraft:swim_one_cm":68428,"minecraft:fly_one_cm":536166,"minecraft:open_chest":123,"minecraft:crouch_one_cm":46337,"minecraft:interact_with_smoker":2,"minecraft:fish_caught":48,"minecraft:fall_one_cm":39760},"minecraft:broken":{"minecraft:iron_shovel":3,"minecraft:wooden_shovel":2,"minecraft:iron_boots":1,"minecraft:golden_shovel":2,"minecraft:wooden_pickaxe":1,"minecraft:stone_pickaxe":1,"minecraft:shield":1,"minecraft:iron_axe":2,"minecraft:iron_pickaxe":4,"minecraft:golden_pickaxe":1,"minecraft:wooden_axe":1},"minecraft:killed_by":{"minecraft:zombie":1},"minecraft:dropped":{"minecraft:brown_mushroom":1,"minecraft:wheat_seeds":65,"minecraft:lilac":12,"minecraft:golden_pickaxe":1,"minecraft:feather":3,"minecraft:cobblestone":6,"minecraft:granite":2,"minecraft:cobblestone_stairs":4,"minecraft:oxeye_daisy":1,"minecraft:dirt":10,"minecraft:diorite":6,"minecraft:sand":1,"minecraft:string":12,"minecraft:white_wool":3,"minecraft:dandelion":1,"minecraft:gravel":12,"minecraft:stone_shovel":1,"minecraft:rotten_flesh":21,"minecraft:oak_planks":1,"minecraft:azure_bluet":1,"minecraft:filled_map":2,"minecraft:poppy":8,"minecraft:andesite":6,"minecraft:spider_eye":2,"minecraft:bow":1,"minecraft:stone_pickaxe":1,"minecraft:egg":1},"minecraft:killed":{"minecraft:cave_spider":7,"minecraft:spider":10,"minecraft:skeleton":21,"minecraft:chicken":4,"minecraft:drowned":2,"minecraft:turtle":1,"minecraft:wolf":1,"minecraft:pig":6,"minecraft:zombie_villager":2,"minecraft:salmon":2,"minecraft:creeper":12,"minecraft:squid":5,"minecraft:sheep":1,"minecraft:zombie":42,"minecraft:enderman":2},"minecraft:used":{"minecraft:iron_shovel":765,"minecraft:spruce_slab":157,"minecraft:stone_shovel":86,"minecraft:poppy":2,"minecraft:chest":7,"minecraft:spruce_planks":140,"minecraft:iron_sword":481,"minecraft:cooked_salmon":2,"minecraft:wooden_shovel":125,"minecraft:cooked_chicken":4,"minecraft:rotten_flesh":11,"minecraft:stone_hoe":46,"minecraft:torch":227,"minecraft:dirt":889,"minecraft:anvil":3,"minecraft:spruce_stairs":17,"minecraft:carrot":3,"minecraft:golden_shovel":68,"minecraft:granite":3,"minecraft:stripped_spruce_log":7,"minecraft:birch_door":1,"minecraft:glass":4,"minecraft:wooden_axe":50,"minecraft:iron_axe":577,"minecraft:stone_bricks":66,"minecraft:bow":25,"minecraft:hay_block":5,"minecraft:sweet_berries":20,"minecraft:cooked_cod":7,"minecraft:furnace":14,"minecraft:egg":2,"minecraft:cooked_beef":5,"minecraft:potato":25,"minecraft:wheat_seeds":37,"minecraft:cooked_mutton":2,"minecraft:water_bucket":15,"minecraft:diorite":18,"minecraft:iron_ore":2,"minecraft:cobblestone_stairs":3,"minecraft:spruce_door":1,"minecraft:birch_planks":20,"minecraft:stripped_birch_log":8,"minecraft:stone_pickaxe":155,"minecraft:baked_potato":16,"minecraft:oak_planks":178,"minecraft:wooden_pickaxe":54,"minecraft:white_wool":3,"minecraft:sand":49,"minecraft:crafting_table":7,"minecraft:white_bed":1,"minecraft:campfire":3,"minecraft:cod":3,"minecraft:spruce_log":47,"minecraft:oak_log":23,"minecraft:iron_pickaxe":1232,"minecraft:map":1,"minecraft:bread":13,"minecraft:gravel":13,"minecraft:spruce_sapling":4,"minecraft:pufferfish":1,"minecraft:fishing_rod":84,"minecraft:cobblestone":138,"minecraft:grindstone":1,"minecraft:cooked_porkchop":14,"minecraft:andesite":1,"minecraft:bucket":15,"minecraft:birch_log":14,"minecraft:glass_pane":16,"minecraft:oak_boat":4,"minecraft:stripped_oak_log":1,"minecraft:golden_pickaxe":38,"minecraft:bone_meal":10},"minecraft:crafted":{"minecraft:oak_planks":224,"minecraft:stone_shovel":1,"minecraft:fishing_rod":2,"minecraft:cooked_chicken":4,"minecraft:furnace":7,"minecraft:cobblestone_stairs":4,"minecraft:stone":65,"minecraft:bone_meal":12,"minecraft:glass_pane":16,"minecraft:glass":16,"minecraft:spruce_stairs":12,"minecraft:bow":2,"minecraft:iron_boots":2,"minecraft:iron_axe":3,"minecraft:spruce_slab":186,"minecraft:stone_pickaxe":2,"minecraft:chest":6,"minecraft:birch_door":3,"minecraft:stone_hoe":1,"minecraft:stone_bricks":60,"minecraft:cooked_cod":33,"minecraft:wooden_shovel":2,"minecraft:diamond_sword":1,"minecraft:emerald":43,"minecraft:cooked_porkchop":23,"minecraft:crafting_table":3,"minecraft:spruce_planks":286,"minecraft:wooden_pickaxe":1,"minecraft:iron_helmet":2,"minecraft:iron_sword":4,"minecraft:spruce_door":3,"minecraft:golden_shovel":2,"minecraft:birch_planks":40,"minecraft:hay_block":1,"minecraft:bucket":2,"minecraft:pumpkin_seeds":4,"minecraft:campfire":3,"minecraft:bread":1,"minecraft:air":0,"minecraft:blue_dye":1,"minecraft:oak_boat":1,"minecraft:iron_chestplate":2,"minecraft:white_wool":3,"minecraft:charcoal":16,"minecraft:shield":2,"minecraft:stick":88,"minecraft:iron_ingot":246,"minecraft:iron_pickaxe":7,"minecraft:wooden_axe":1,"minecraft:iron_block":3,"minecraft:iron_shovel":3,"minecraft:iron_leggings":2,"minecraft:anvil":1,"minecraft:white_bed":1,"minecraft:torch":180,"minecraft:clay":23}},"DataVersion":1976}