{"stats":{"minecraft:crafted":{"minecraft:wooden_shovel":1,"minecraft:stone_shovel":1,"minecraft:cooked_porkchop":8,"minecraft:crafting_table":1,"minecraft:spruce_planks":166,"minecraft:wooden_pickaxe":1,"minecraft:cooked_chicken":4,"minecraft:iron_sword":1,"minecraft:spruce_door":3,"minecraft:furnace":1,"minecraft:air":0,"minecraft:glass_pane":16,"minecraft:glass":16,"minecraft:white_wool":3,"minecraft:charcoal":8,"minecraft:iron_axe":1,"minecraft:spruce_slab":54,"minecraft:stick":24,"minecraft:iron_ingot":15,"minecraft:iron_pickaxe":1,"minecraft:stone_pickaxe":1,"minecraft:wooden_axe":1,"minecraft:white_bed":1,"minecraft:torch":32},"minecraft:custom":{"minecraft:interact_with_furnace":26,"minecraft:mob_kills":15,"minecraft:interact_with_crafting_table":25,"minecraft:play_one_minute":68930,"minecraft:leave_game":2,"minecraft:time_since_death":52378,"minecraft:time_since_rest":52528,"minecraft:sprint_one_cm":93711,"minecraft:damage_taken":615,"minecraft:walk_one_cm":228678,"minecraft:drop":3,"minecraft:damage_dealt":1921,"minecraft:talked_to_villager":1,"minecraft:swim_one_cm":20326,"minecraft:fly_one_cm":29903,"minecraft:open_chest":11,"minecraft:crouch_one_cm":4254,"minecraft:deaths":1,"minecraft:sneak_time":1405,"minecraft:walk_under_water_one_cm":5626,"minecraft:jump":512,"minecraft:walk_on_water_one_cm":14471,"minecraft:fish_caught":2,"minecraft:fall_one_cm":4252},"minecraft:picked_up":{"minecraft:wooden_axe":1,"minecraft:charcoal":4,"minecraft:crafting_table":4,"minecraft:feather":3,"minecraft:chicken":4,"minecraft:andesite":1,"minecraft:salmon":1,"minecraft:leather":1,"minecraft:brown_mushroom":1,"minecraft:wooden_pickaxe":1,"minecraft:oak_log":5,"minecraft:gunpowder":1,"minecraft:string":12,"minecraft:dirt":178,"minecraft:bow":1,"minecraft:wheat_seeds":19,"minecraft:spruce_planks":15,"minecraft:stone_pickaxe":1,"minecraft:iron_ore":49,"minecraft:wooden_shovel":1,"minecraft:poppy":1,"minecraft:chest":1,"minecraft:egg":3,"minecraft:stick":3,"minecraft:torch":2,"minecraft:gravel":6,"minecraft:porkchop":12,"minecraft:sand":16,"minecraft:stripped_spruce_log":2,"minecraft:spruce_sapling":9,"minecraft:diorite":23,"minecraft:spruce_log":83,"minecraft:rotten_flesh":5,"minecraft:granite":2,"minecraft:oak_sapling":1,"minecraft:cod":1,"minecraft:coal":42,"minecraft:cobblestone":105},"minecraft:broken":{"minecraft:stone_pickaxe":1,"minecraft:wooden_shovel":1,"minecraft:wooden_axe":1,"minecraft:wooden_pickaxe":1},"minecraft:mined":{"minecraft:spruce_planks":18,"minecraft:crafting_table":3,"minecraft:torch":1,"minecraft:granite":2,"minecraft:grass_block":62,"minecraft:poppy":1,"minecraft:chest":1,"minecraft:glass":4,"minecraft:spruce_leaves":6,"minecraft:diorite":23,"minecraft:wall_torch":1,"minecraft:iron_ore":49,"minecraft:andesite":1,"minecraft:spruce_log":72,"minecraft:stripped_spruce_log":2,"minecraft:grass":84,"minecraft:coal_ore":45,"minecraft:oak_log":5,"minecraft:gravel":6,"minecraft:sand":17,"minecraft:dirt":68,"minecraft:cobweb":11,"minecraft:stone":103},"minecraft:killed":{"minecraft:cave_spider":1,"minecraft:pig":6,"minecraft:creeper":1,"minecraft:zombie":1,"minecraft:chicken":4,"minecraft:turtle":1},"minecraft:dropped":{"minecraft:brown_mushroom":1,"minecraft:poppy":1,"minecraft:stone_pickaxe":1},"minecraft:used":{"minecraft:diorite":18,"minecraft:iron_ore":1,"minecraft:spruce_door":1,"minecraft:spruce_slab":45,"minecraft:stone_shovel":47,"minecraft:stone_pickaxe":131,"minecraft:spruce_planks":112,"minecraft:chest":1,"minecraft:wooden_pickaxe":54,"minecraft:iron_sword":21,"minecraft:wooden_shovel":65,"minecraft:cooked_chicken":1,"minecraft:rotten_flesh":5,"minecraft:torch":28,"minecraft:dirt":123,"minecraft:crafting_table":4,"minecraft:spruce_log":19,"minecraft:stripped_spruce_log":1,"minecraft:glass":4,"minecraft:wooden_axe":50,"minecraft:iron_axe":84,"minecraft:iron_pickaxe":95,"minecraft:fishing_rod":5,"minecraft:furnace":1,"minecraft:cooked_porkchop":3,"minecraft:glass_pane":16,"minecraft:egg":2}},"DataVersion":1976}