{"stats":{"minecraft:dropped":{"minecraft:brown_mushroom":1,"minecraft:wheat_seeds":58,"minecraft:golden_pickaxe":1,"minecraft:feather":3,"minecraft:cobblestone":6,"minecraft:granite":2,"minecraft:cobblestone_stairs":4,"minecraft:oxeye_daisy":1,"minecraft:dirt":9,"minecraft:diorite":6,"minecraft:sand":1,"minecraft:string":12,"minecraft:white_wool":3,"minecraft:dandelion":1,"minecraft:gravel":6,"minecraft:stone_shovel":1,"minecraft:rotten_flesh":10,"minecraft:oak_planks":1,"minecraft:azure_bluet":1,"minecraft:filled_map":2,"minecraft:poppy":3,"minecraft:andesite":5,"minecraft:spider_eye":2,"minecraft:bow":1,"minecraft:stone_pickaxe":1,"minecraft:egg":1},"minecraft:crafted":{"minecraft:oak_planks":48,"minecraft:stone_shovel":1,"minecraft:fishing_rod":2,"minecraft:cooked_chicken":4,"minecraft:furnace":5,"minecraft:cobblestone_stairs":4,"minecraft:bone_meal":12,"minecraft:glass_pane":16,"minecraft:glass":16,"minecraft:spruce_stairs":12,"minecraft:bow":2,"minecraft:iron_boots":1,"minecraft:iron_axe":1,"minecraft:spruce_slab":102,"minecraft:stone_pickaxe":2,"minecraft:chest":2,"minecraft:birch_door":3,"minecraft:stone_hoe":1,"minecraft:cooked_cod":16,"minecraft:wooden_shovel":2,"minecraft:diamond_sword":1,"minecraft:emerald":43,"minecraft:cooked_porkchop":23,"minecraft:crafting_table":3,"minecraft:spruce_planks":242,"minecraft:wooden_pickaxe":1,"minecraft:iron_helmet":1,"minecraft:iron_sword":3,"minecraft:spruce_door":3,"minecraft:golden_shovel":2,"minecraft:campfire":3,"minecraft:pumpkin_seeds":4,"minecraft:birch_planks":16,"minecraft:hay_block":1,"minecraft:bucket":2,"minecraft:bread":1,"minecraft:air":0,"minecraft:blue_dye":1,"minecraft:oak_boat":1,"minecraft:white_wool":3,"minecraft:iron_chestplate":1,"minecraft:charcoal":16,"minecraft:shield":2,"minecraft:stick":72,"minecraft:iron_ingot":218,"minecraft:iron_pickaxe":2,"minecraft:wooden_axe":1,"minecraft:iron_block":3,"minecraft:iron_shovel":1,"minecraft:iron_leggings":1,"minecraft:anvil":1,"minecraft:white_bed":1,"minecraft:torch":128},"minecraft:picked_up":{"minecraft:wooden_axe":1,"minecraft:fishing_rod":2,"minecraft:charcoal":6,"minecraft:iron_chestplate":2,"minecraft:crafting_table":6,"minecraft:wheat":12,"minecraft:azure_bluet":1,"minecraft:chicken":4,"minecraft:anvil":2,"minecraft:brown_mushroom":1,"minecraft:wooden_pickaxe":1,"minecraft:enchanted_book":2,"minecraft:shield":2,"minecraft:cornflower":1,"minecraft:string":33,"minecraft:iron_axe":4,"minecraft:iron_leggings":3,"minecraft:pufferfish":4,"minecraft:spruce_planks":21,"minecraft:oak_boat":2,"minecraft:wooden_shovel":1,"minecraft:poppy":3,"minecraft:iron_pickaxe":1,"minecraft:spruce_slab":2,"minecraft:sugar_cane":3,"minecraft:chest":1,"minecraft:furnace":8,"minecraft:iron_boots":2,"minecraft:egg":3,"minecraft:stick":25,"minecraft:sandstone":2,"minecraft:torch":50,"minecraft:spruce_stairs":5,"minecraft:porkchop":12,"minecraft:diorite":35,"minecraft:carrot":3,"minecraft:arrow":26,"minecraft:stone_shovel":1,"minecraft:rotten_flesh":40,"minecraft:hay_block":4,"minecraft:saddle":1,"minecraft:gold_ingot":2,"minecraft:obsidian":4,"minecraft:mutton":5,"minecraft:cod":20,"minecraft:cobblestone":271,"minecraft:white_wool":6,"minecraft:stripped_oak_log":3,"minecraft:oxeye_daisy":1,"minecraft:nautilus_shell":2,"minecraft:birch_log":8,"minecraft:feather":3,"minecraft:cooked_beef":13,"minecraft:andesite":17,"minecraft:salmon":10,"minecraft:leather":6,"minecraft:potato":15,"minecraft:filled_map":1,"minecraft:oak_log":52,"minecraft:gunpowder":10,"minecraft:cobblestone_stairs":3,"minecraft:stripped_birch_log":6,"minecraft:dirt":623,"minecraft:cooked_mutton":1,"minecraft:bone":20,"minecraft:apple":5,"minecraft:bow":5,"minecraft:wheat_seeds":96,"minecraft:iron_ingot":3,"minecraft:grindstone":2,"minecraft:stone_pickaxe":2,"minecraft:iron_ore":189,"minecraft:stone_hoe":2,"minecraft:iron_sword":3,"minecraft:oak_planks":1,"minecraft:pumpkin":2,"minecraft:sweet_berries":59,"minecraft:dandelion":1,"minecraft:gravel":15,"minecraft:sand":59,"minecraft:stripped_spruce_log":8,"minecraft:spruce_sapling":11,"minecraft:ink_sac":3,"minecraft:spruce_log":163,"minecraft:spruce_door":1,"minecraft:spider_eye":5,"minecraft:iron_helmet":3,"minecraft:granite":7,"minecraft:bread":18,"minecraft:emerald":30,"minecraft:oak_sapling":4,"minecraft:coal":475},"minecraft:killed":{"minecraft:cave_spider":7,"minecraft:spider":7,"minecraft:skeleton":12,"minecraft:chicken":4,"minecraft:drowned":1,"minecraft:turtle":1,"minecraft:pig":6,"minecraft:zombie_villager":2,"minecraft:creeper":7,"minecraft:sheep":1,"minecraft:zombie":25,"minecraft:enderman":2},"minecraft:custom":{"minecraft:mob_kills":77,"minecraft:interact_with_crafting_table":76,"minecraft:bell_ring":16,"minecraft:leave_game":19,"minecraft:time_since_death":139488,"minecraft:climb_one_cm":920,"minecraft:sprint_one_cm":612138,"minecraft:walk_one_cm":1275156,"minecraft:damage_blocked_by_shield":1570,"minecraft:drop":39,"minecraft:talked_to_villager":85,"minecraft:sneak_time":6674,"minecraft:deaths":2,"minecraft:walk_under_water_one_cm":33949,"minecraft:boat_one_cm":192991,"minecraft:interact_with_brewingstand":1,"minecraft:jump":2679,"minecraft:walk_on_water_one_cm":52105,"minecraft:interact_with_furnace":128,"minecraft:traded_with_villager":46,"minecraft:interact_with_cartography_table":1,"minecraft:play_one_minute":388028,"minecraft:sleep_in_bed":16,"minecraft:time_since_rest":17667,"minecraft:damage_taken":3022,"minecraft:damage_dealt":13108,"minecraft:swim_one_cm":43909,"minecraft:fly_one_cm":337066,"minecraft:open_chest":93,"minecraft:crouch_one_cm":30278,"minecraft:interact_with_smoker":2,"minecraft:fish_caught":34,"minecraft:fall_one_cm":31880},"minecraft:mined":{"minecraft:spruce_planks":22,"minecraft:cobblestone_stairs":3,"minecraft:stripped_birch_log":4,"minecraft:granite":5,"minecraft:grass_block":346,"minecraft:spruce_leaves":11,"minecraft:oxeye_daisy":1,"minecraft:sandstone":2,"minecraft:hay_block":4,"minecraft:furnace":8,"minecraft:iron_ore":186,"minecraft:stripped_spruce_log":6,"minecraft:andesite":15,"minecraft:pumpkin":1,"minecraft:anvil":2,"minecraft:potatoes":1,"minecraft:stripped_oak_log":3,"minecraft:stone":257,"minecraft:white_wool":3,"minecraft:spruce_slab":2,"minecraft:podzol":68,"minecraft:cornflower":1,"minecraft:crafting_table":4,"minecraft:torch":20,"minecraft:poppy":1,"minecraft:chest":1,"minecraft:campfire":1,"minecraft:glass":4,"minecraft:grindstone":1,"minecraft:sugar_cane":1,"minecraft:wall_torch":9,"minecraft:diorite":35,"minecraft:seagrass":1,"minecraft:spruce_stairs":5,"minecraft:birch_log":8,"minecraft:wheat":14,"minecraft:sweet_berry_bush":2,"minecraft:spruce_log":153,"minecraft:grass_path":2,"minecraft:grass":128,"minecraft:coal_ore":421,"minecraft:oak_log":53,"minecraft:sand":49,"minecraft:gravel":19,"minecraft:dirt":107,"minecraft:cobweb":18,"minecraft:oak_leaves":6,"minecraft:fern":2},"minecraft:killed_by":{"minecraft:zombie":1},"minecraft:broken":{"minecraft:iron_shovel":1,"minecraft:wooden_shovel":2,"minecraft:iron_boots":1,"minecraft:golden_shovel":2,"minecraft:wooden_pickaxe":1,"minecraft:stone_pickaxe":1,"minecraft:shield":1,"minecraft:iron_axe":1,"minecraft:iron_pickaxe":3,"minecraft:golden_pickaxe":1,"minecraft:wooden_axe":1},"minecraft:used":{"minecraft:iron_shovel":259,"minecraft:spruce_slab":75,"minecraft:stone_shovel":86,"minecraft:chest":3,"minecraft:spruce_planks":140,"minecraft:iron_sword":300,"minecraft:wooden_shovel":125,"minecraft:cooked_chicken":4,"minecraft:rotten_flesh":11,"minecraft:stone_hoe":42,"minecraft:torch":175,"minecraft:dirt":434,"minecraft:anvil":3,"minecraft:spruce_stairs":17,"minecraft:carrot":3,"minecraft:golden_shovel":68,"minecraft:granite":3,"minecraft:stripped_spruce_log":3,"minecraft:birch_door":1,"minecraft:glass":4,"minecraft:wooden_axe":50,"minecraft:iron_axe":278,"minecraft:bow":25,"minecraft:hay_block":5,"minecraft:sweet_berries":20,"minecraft:cooked_cod":7,"minecraft:furnace":12,"minecraft:egg":2,"minecraft:cooked_beef":5,"minecraft:potato":12,"minecraft:wheat_seeds":37,"minecraft:cooked_mutton":1,"minecraft:water_bucket":14,"minecraft:diorite":18,"minecraft:iron_ore":1,"minecraft:cobblestone_stairs":3,"minecraft:spruce_door":1,"minecraft:stripped_birch_log":4,"minecraft:stone_pickaxe":143,"minecraft:wooden_pickaxe":54,"minecraft:white_wool":3,"minecraft:sand":21,"minecraft:crafting_table":7,"minecraft:white_bed":1,"minecraft:campfire":2,"minecraft:cod":3,"minecraft:spruce_log":24,"minecraft:oak_log":1,"minecraft:iron_pickaxe":772,"minecraft:map":1,"minecraft:bread":13,"minecraft:gravel":1,"minecraft:spruce_sapling":4,"minecraft:pufferfish":1,"minecraft:fishing_rod":61,"minecraft:cobblestone":98,"minecraft:grindstone":1,"minecraft:cooked_porkchop":13,"minecraft:andesite":1,"minecraft:bucket":15,"minecraft:glass_pane":16,"minecraft:oak_boat":3,"minecraft:golden_pickaxe":38,"minecraft:bone_meal":7}},"DataVersion":1976}