{"stat.craftItem.minecraft.stone_shovel":2,"stat.walkOneCm":70684,"stat.craftItem.minecraft.crafting_table":1,"stat.useItem.minecraft.apple":1,"stat.craftItem.minecraft.boat":2,"stat.pickup.minecraft.log":39,"stat.useItem.minecraft.rotten_flesh":1,"stat.jump":171,"stat.swimOneCm":730,"stat.useItem.minecraft.wooden_hoe":8,"stat.fallOneCm":3127,"stat.crouchOneCm":6731,"stat.mineBlock.minecraft.wool":1,"stat.pickup.minecraft.sapling":6,"stat.pickup.minecraft.dirt":157,"stat.useItem.minecraft.dirt":12,"stat.sprintOneCm":13186,"stat.useItem.minecraft.stone_slab2":9,"stat.pickup.minecraft.apple":1,"stat.craftItem.minecraft.stick":16,"stat.craftItem.minecraft.wooden_axe":1,"stat.craftingTableInteraction":8,"stat.pickup.minecraft.rotten_flesh":1,"stat.pickup.minecraft.sand":22,"stat.boatOneCm":80029,"stat.craftItem.minecraft.planks":44,"stat.useItem.minecraft.wheat_seeds":6,"stat.damageTaken":300,"stat.useItem.minecraft.wooden_pickaxe":43,"stat.mobKills":6,"stat.pickup.minecraft.cobblestone":26,"stat.mineBlock.minecraft.log":39,"stat.pickup.minecraft.reeds":1,"stat.useItem.minecraft.stone_shovel":145,"stat.flyOneCm":7883,"stat.useItem.minecraft.boat":2,"stat.pickup.minecraft.sandstone":3,"stat.deaths":1,"stat.pickup.minecraft.wheat_seeds":9,"stat.pickup.minecraft.brown_mushroom":1,"stat.mineBlock.minecraft.leaves":8,"stat.mineBlock.minecraft.sand":10,"stat.playOneMinute":20804,"stat.entityKilledBy.Zombie":1,"stat.killEntity.Sheep":3,"stat.craftItem.minecraft.wooden_hoe":1,"stat.sneakTime":1162,"stat.pickup.minecraft.wool":4,"stat.damageDealt":738,"stat.killEntity.Zombie":3,"stat.timeSinceDeath":1847,"stat.useItem.minecraft.wooden_axe":41,"stat.mineBlock.minecraft.dirt":159,"stat.craftItem.minecraft.wooden_pickaxe":1,"stat.mineBlock.minecraft.stone":26,"stat.mineBlock.minecraft.tallgrass":63,"stat.pickup.minecraft.mutton":2,"stat.diveOneCm":1981}