{"stats":{"minecraft:crafted":{"minecraft:crafting_table":1,"minecraft:spruce_planks":16,"minecraft:stick":4,"minecraft:wooden_pickaxe":1,"minecraft:wooden_axe":1},"minecraft:custom":{"minecraft:time_since_rest":8930,"minecraft:play_one_minute":8930,"minecraft:crouch_one_cm":195,"minecraft:sprint_one_cm":23175,"minecraft:damage_taken":145,"minecraft:walk_one_cm":30584,"minecraft:sneak_time":68,"minecraft:mob_kills":1,"minecraft:jump":94,"minecraft:damage_dealt":283,"minecraft:walk_on_water_one_cm":102,"minecraft:leave_game":2,"minecraft:time_since_death":8930,"minecraft:interact_with_crafting_table":4,"minecraft:fall_one_cm":267,"minecraft:fly_one_cm":6916},"minecraft:picked_up":{"minecraft:crafting_table":1,"minecraft:stick":2,"minecraft:rotten_flesh":1,"minecraft:brown_mushroom":1,"minecraft:spruce_sapling":3,"minecraft:poppy":1,"minecraft:spruce_log":19,"minecraft:dirt":26},"minecraft:mined":{"minecraft:grass_block":1,"minecraft:poppy":1,"minecraft:spruce_leaves":1,"minecraft:spruce_log":18,"minecraft:crafting_table":1},"minecraft:killed":{"minecraft:zombie":1},"minecraft:used":{"minecraft:rotten_flesh":1,"minecraft:wooden_axe":11,"minecraft:dirt":25,"minecraft:crafting_table":1,"minecraft:spruce_log":2}},"DataVersion":1976}