{"stats":{"minecraft:crafted":{"minecraft:wooden_shovel":1,"minecraft:cooked_porkchop":2,"minecraft:crafting_table":1,"minecraft:spruce_planks":74,"minecraft:stick":4,"minecraft:wooden_pickaxe":1,"minecraft:wooden_axe":1,"minecraft:furnace":1,"minecraft:air":0},"minecraft:custom":{"minecraft:time_since_rest":16528,"minecraft:interact_with_furnace":6,"minecraft:sprint_one_cm":61947,"minecraft:damage_taken":410,"minecraft:walk_one_cm":100519,"minecraft:mob_kills":6,"minecraft:drop":2,"minecraft:damage_dealt":789,"minecraft:swim_one_cm":19671,"minecraft:talked_to_villager":1,"minecraft:interact_with_crafting_table":9,"minecraft:fly_one_cm":14834,"minecraft:open_chest":2,"minecraft:crouch_one_cm":4144,"minecraft:play_one_minute":32930,"minecraft:deaths":1,"minecraft:sneak_time":1128,"minecraft:walk_under_water_one_cm":5279,"minecraft:jump":239,"minecraft:leave_game":2,"minecraft:time_since_death":16378,"minecraft:walk_on_water_one_cm":9787,"minecraft:fall_one_cm":2483},"minecraft:picked_up":{"minecraft:wooden_axe":1,"minecraft:stick":2,"minecraft:crafting_table":4,"minecraft:brown_mushroom":1,"minecraft:wooden_pickaxe":1,"minecraft:porkchop":8,"minecraft:spruce_sapling":6,"minecraft:stripped_spruce_log":2,"minecraft:spruce_log":45,"minecraft:dirt":141,"minecraft:rotten_flesh":4,"minecraft:wheat_seeds":18,"minecraft:spruce_planks":3,"minecraft:wooden_shovel":1,"minecraft:poppy":1,"minecraft:chest":1,"minecraft:cobblestone":16,"minecraft:egg":2},"minecraft:broken":{"minecraft:wooden_axe":1,"minecraft:wooden_shovel":1,"minecraft:wooden_pickaxe":1},"minecraft:mined":{"minecraft:spruce_planks":4,"minecraft:spruce_log":33,"minecraft:stripped_spruce_log":2,"minecraft:crafting_table":3,"minecraft:grass":83,"minecraft:grass_block":59,"minecraft:poppy":1,"minecraft:chest":1,"minecraft:dirt":32,"minecraft:spruce_leaves":4,"minecraft:stone":16},"minecraft:killed":{"minecraft:zombie":1,"minecraft:pig":4},"minecraft:used":{"minecraft:wooden_axe":50,"minecraft:chest":1,"minecraft:spruce_planks":64,"minecraft:wooden_pickaxe":54,"minecraft:wooden_shovel":65,"minecraft:rotten_flesh":5,"minecraft:dirt":70,"minecraft:crafting_table":4,"minecraft:cooked_porkchop":2,"minecraft:furnace":1,"minecraft:egg":2,"minecraft:spruce_log":15,"minecraft:stripped_spruce_log":1},"minecraft:dropped":{"minecraft:poppy":1,"minecraft:brown_mushroom":1}},"DataVersion":1976}