{"stats":{"minecraft:crafted":{"minecraft:oak_planks":20,"minecraft:stone_shovel":1,"minecraft:cooked_chicken":4,"minecraft:furnace":3,"minecraft:bone_meal":3,"minecraft:glass_pane":16,"minecraft:glass":16,"minecraft:iron_boots":1,"minecraft:iron_axe":1,"minecraft:spruce_slab":54,"minecraft:stone_pickaxe":1,"minecraft:chest":1,"minecraft:birch_door":3,"minecraft:stone_hoe":1,"minecraft:wooden_shovel":1,"minecraft:cooked_porkchop":12,"minecraft:crafting_table":2,"minecraft:spruce_planks":166,"minecraft:wooden_pickaxe":1,"minecraft:iron_helmet":1,"minecraft:iron_sword":1,"minecraft:spruce_door":3,"minecraft:birch_planks":8,"minecraft:bread":1,"minecraft:air":0,"minecraft:blue_dye":1,"minecraft:white_wool":3,"minecraft:iron_chestplate":1,"minecraft:charcoal":16,"minecraft:shield":1,"minecraft:stick":44,"minecraft:iron_ingot":90,"minecraft:iron_pickaxe":2,"minecraft:wooden_axe":1,"minecraft:iron_leggings":1,"minecraft:white_bed":1,"minecraft:torch":84},"minecraft:custom":{"minecraft:mob_kills":37,"minecraft:interact_with_crafting_table":44,"minecraft:leave_game":4,"minecraft:time_since_death":114683,"minecraft:sprint_one_cm":172035,"minecraft:walk_one_cm":441333,"minecraft:damage_blocked_by_shield":190,"minecraft:drop":14,"minecraft:talked_to_villager":1,"minecraft:deaths":1,"minecraft:sneak_time":2300,"minecraft:walk_under_water_one_cm":6225,"minecraft:jump":975,"minecraft:walk_on_water_one_cm":20201,"minecraft:interact_with_furnace":58,"minecraft:play_one_minute":131235,"minecraft:sleep_in_bed":4,"minecraft:time_since_rest":680,"minecraft:damage_taken":1069,"minecraft:damage_dealt":6578,"minecraft:swim_one_cm":40383,"minecraft:fly_one_cm":82265,"minecraft:open_chest":25,"minecraft:crouch_one_cm":7256,"minecraft:fish_caught":12,"minecraft:fall_one_cm":9381},"minecraft:picked_up":{"minecraft:wooden_axe":1,"minecraft:charcoal":4,"minecraft:crafting_table":5,"minecraft:wheat":3,"minecraft:chicken":4,"minecraft:brown_mushroom":1,"minecraft:wooden_pickaxe":1,"minecraft:enchanted_book":1,"minecraft:cornflower":1,"minecraft:string":16,"minecraft:pufferfish":3,"minecraft:spruce_planks":15,"minecraft:wooden_shovel":1,"minecraft:poppy":1,"minecraft:chest":1,"minecraft:egg":3,"minecraft:furnace":1,"minecraft:stick":6,"minecraft:sandstone":2,"minecraft:torch":8,"minecraft:porkchop":12,"minecraft:diorite":34,"minecraft:rotten_flesh":20,"minecraft:cod":6,"minecraft:cobblestone":160,"minecraft:oxeye_daisy":1,"minecraft:birch_log":5,"minecraft:feather":3,"minecraft:andesite":12,"minecraft:salmon":3,"minecraft:leather":1,"minecraft:oak_log":39,"minecraft:gunpowder":4,"minecraft:dirt":199,"minecraft:bone":1,"minecraft:bow":1,"minecraft:wheat_seeds":28,"minecraft:stone_pickaxe":1,"minecraft:iron_ore":95,"minecraft:gravel":6,"minecraft:sand":39,"minecraft:stripped_spruce_log":2,"minecraft:spruce_sapling":9,"minecraft:spruce_log":83,"minecraft:spruce_door":1,"minecraft:spider_eye":2,"minecraft:granite":7,"minecraft:oak_sapling":3,"minecraft:coal":77},"minecraft:broken":{"minecraft:wooden_shovel":1,"minecraft:wooden_pickaxe":1,"minecraft:stone_pickaxe":1,"minecraft:iron_pickaxe":1,"minecraft:wooden_axe":1},"minecraft:mined":{"minecraft:spruce_planks":18,"minecraft:granite":5,"minecraft:grass_block":79,"minecraft:spruce_leaves":6,"minecraft:oxeye_daisy":1,"minecraft:sandstone":2,"minecraft:furnace":1,"minecraft:iron_ore":99,"minecraft:andesite":11,"minecraft:stripped_spruce_log":2,"minecraft:stone":160,"minecraft:crafting_table":4,"minecraft:cornflower":1,"minecraft:torch":4,"minecraft:poppy":1,"minecraft:chest":1,"minecraft:glass":4,"minecraft:diorite":34,"minecraft:wall_torch":3,"minecraft:seagrass":1,"minecraft:birch_log":5,"minecraft:wheat":3,"minecraft:spruce_log":72,"minecraft:grass":98,"minecraft:oak_log":40,"minecraft:coal_ore":81,"minecraft:gravel":6,"minecraft:sand":40,"minecraft:dirt":71,"minecraft:cobweb":11,"minecraft:oak_leaves":3,"minecraft:fern":2},"minecraft:killed":{"minecraft:cave_spider":1,"minecraft:spider":4,"minecraft:skeleton":1,"minecraft:chicken":4,"minecraft:turtle":1,"minecraft:pig":6,"minecraft:zombie_villager":1,"minecraft:creeper":4,"minecraft:zombie":14},"minecraft:used":{"minecraft:spruce_slab":45,"minecraft:stone_shovel":86,"minecraft:chest":2,"minecraft:spruce_planks":112,"minecraft:iron_sword":124,"minecraft:wooden_shovel":65,"minecraft:cooked_chicken":4,"minecraft:stone_hoe":19,"minecraft:rotten_flesh":5,"minecraft:torch":83,"minecraft:dirt":126,"minecraft:granite":3,"minecraft:stripped_spruce_log":1,"minecraft:birch_door":1,"minecraft:glass":4,"minecraft:wooden_axe":50,"minecraft:iron_axe":131,"minecraft:sweet_berries":6,"minecraft:furnace":3,"minecraft:egg":2,"minecraft:wheat_seeds":22,"minecraft:diorite":18,"minecraft:iron_ore":1,"minecraft:spruce_door":1,"minecraft:stone_pickaxe":131,"minecraft:wooden_pickaxe":54,"minecraft:sand":5,"minecraft:crafting_table":5,"minecraft:white_bed":1,"minecraft:spruce_log":19,"minecraft:oak_log":1,"minecraft:bread":1,"minecraft:iron_pickaxe":266,"minecraft:fishing_rod":23,"minecraft:cobblestone":13,"minecraft:cooked_porkchop":7,"minecraft:andesite":1,"minecraft:glass_pane":16,"minecraft:bone_meal":3},"minecraft:dropped":{"minecraft:brown_mushroom":1,"minecraft:wheat_seeds":5,"minecraft:feather":3,"minecraft:granite":2,"minecraft:oxeye_daisy":1,"minecraft:dirt":9,"minecraft:diorite":5,"minecraft:gravel":6,"minecraft:rotten_flesh":1,"minecraft:poppy":1,"minecraft:andesite":1,"minecraft:stone_pickaxe":1,"minecraft:egg":1}},"DataVersion":1976}