{"stats":{"minecraft:used":{"minecraft:iron_shovel":696,"minecraft:spruce_slab":75,"minecraft:stone_shovel":86,"minecraft:poppy":2,"minecraft:chest":7,"minecraft:spruce_planks":140,"minecraft:iron_sword":410,"minecraft:wooden_shovel":125,"minecraft:cooked_chicken":4,"minecraft:rotten_flesh":11,"minecraft:stone_hoe":46,"minecraft:torch":182,"minecraft:dirt":884,"minecraft:anvil":3,"minecraft:spruce_stairs":17,"minecraft:carrot":3,"minecraft:golden_shovel":68,"minecraft:granite":3,"minecraft:stripped_spruce_log":3,"minecraft:birch_door":1,"minecraft:glass":4,"minecraft:wooden_axe":50,"minecraft:iron_axe":447,"minecraft:bow":25,"minecraft:hay_block":5,"minecraft:sweet_berries":20,"minecraft:cooked_cod":7,"minecraft:furnace":12,"minecraft:egg":2,"minecraft:cooked_beef":5,"minecraft:potato":15,"minecraft:wheat_seeds":37,"minecraft:cooked_mutton":2,"minecraft:water_bucket":15,"minecraft:diorite":18,"minecraft:iron_ore":1,"minecraft:cobblestone_stairs":3,"minecraft:spruce_door":1,"minecraft:stripped_birch_log":4,"minecraft:stone_pickaxe":143,"minecraft:baked_potato":4,"minecraft:wooden_pickaxe":54,"minecraft:white_wool":3,"minecraft:sand":22,"minecraft:crafting_table":7,"minecraft:white_bed":1,"minecraft:campfire":3,"minecraft:cod":3,"minecraft:spruce_log":24,"minecraft:oak_log":3,"minecraft:iron_pickaxe":772,"minecraft:map":1,"minecraft:bread":13,"minecraft:gravel":1,"minecraft:spruce_sapling":4,"minecraft:pufferfish":1,"minecraft:fishing_rod":61,"minecraft:cobblestone":98,"minecraft:grindstone":1,"minecraft:cooked_porkchop":14,"minecraft:andesite":1,"minecraft:bucket":15,"minecraft:glass_pane":16,"minecraft:oak_boat":3,"minecraft:golden_pickaxe":38,"minecraft:bone_meal":7},"minecraft:mined":{"minecraft:spruce_planks":22,"minecraft:cobblestone_stairs":3,"minecraft:stripped_birch_log":6,"minecraft:granite":5,"minecraft:grass_block":716,"minecraft:spruce_leaves":11,"minecraft:oxeye_daisy":1,"minecraft:sandstone":2,"minecraft:hay_block":4,"minecraft:furnace":8,"minecraft:iron_ore":186,"minecraft:stripped_spruce_log":6,"minecraft:andesite":15,"minecraft:pumpkin":1,"minecraft:anvil":2,"minecraft:potatoes":1,"minecraft:stripped_oak_log":3,"minecraft:stone":257,"minecraft:white_wool":3,"minecraft:spruce_slab":2,"minecraft:podzol":68,"minecraft:clay":1,"minecraft:cornflower":1,"minecraft:crafting_table":4,"minecraft:torch":20,"minecraft:poppy":3,"minecraft:chest":1,"minecraft:campfire":1,"minecraft:glass":4,"minecraft:grindstone":1,"minecraft:sugar_cane":1,"minecraft:wall_torch":9,"minecraft:diorite":35,"minecraft:seagrass":1,"minecraft:spruce_stairs":5,"minecraft:birch_log":46,"minecraft:wheat":14,"minecraft:sweet_berry_bush":2,"minecraft:spruce_log":153,"minecraft:grass_path":2,"minecraft:grass":182,"minecraft:coal_ore":421,"minecraft:oak_log":141,"minecraft:sand":110,"minecraft:gravel":24,"minecraft:dirt":139,"minecraft:cobweb":18,"minecraft:oak_leaves":29,"minecraft:fern":2},"minecraft:killed_by":{"minecraft:zombie":1},"minecraft:picked_up":{"minecraft:wooden_axe":1,"minecraft:fishing_rod":2,"minecraft:charcoal":6,"minecraft:iron_chestplate":2,"minecraft:crafting_table":6,"minecraft:wheat":12,"minecraft:azure_bluet":1,"minecraft:clay_ball":4,"minecraft:chicken":4,"minecraft:anvil":2,"minecraft:brown_mushroom":1,"minecraft:wooden_pickaxe":1,"minecraft:enchanted_book":2,"minecraft:shield":2,"minecraft:cornflower":1,"minecraft:string":35,"minecraft:iron_axe":4,"minecraft:iron_leggings":3,"minecraft:pufferfish":4,"minecraft:spruce_planks":21,"minecraft:oak_boat":2,"minecraft:wooden_shovel":1,"minecraft:poppy":5,"minecraft:iron_pickaxe":1,"minecraft:spruce_slab":2,"minecraft:sugar_cane":3,"minecraft:chest":1,"minecraft:birch_sapling":6,"minecraft:furnace":8,"minecraft:iron_boots":2,"minecraft:egg":3,"minecraft:stick":25,"minecraft:sandstone":2,"minecraft:torch":50,"minecraft:spruce_stairs":5,"minecraft:porkchop":12,"minecraft:diorite":35,"minecraft:carrot":3,"minecraft:arrow":34,"minecraft:stone_shovel":1,"minecraft:rotten_flesh":50,"minecraft:hay_block":4,"minecraft:saddle":1,"minecraft:gold_ingot":2,"minecraft:obsidian":4,"minecraft:mutton":6,"minecraft:cod":20,"minecraft:oxeye_daisy":1,"minecraft:white_wool":7,"minecraft:cobblestone":271,"minecraft:stripped_oak_log":3,"minecraft:nautilus_shell":2,"minecraft:birch_log":46,"minecraft:lilac":5,"minecraft:feather":3,"minecraft:cooked_beef":13,"minecraft:andesite":17,"minecraft:salmon":10,"minecraft:leather":6,"minecraft:potato":15,"minecraft:filled_map":1,"minecraft:oak_log":137,"minecraft:gunpowder":16,"minecraft:cobblestone_stairs":3,"minecraft:stripped_birch_log":8,"minecraft:dirt":1015,"minecraft:cooked_mutton":2,"minecraft:bone":23,"minecraft:apple":7,"minecraft:bow":5,"minecraft:wheat_seeds":105,"minecraft:iron_ore":189,"minecraft:iron_ingot":3,"minecraft:grindstone":2,"minecraft:stone_pickaxe":2,"minecraft:stone_hoe":2,"minecraft:iron_sword":3,"minecraft:oak_planks":1,"minecraft:pumpkin":2,"minecraft:sweet_berries":59,"minecraft:dandelion":4,"minecraft:gravel":19,"minecraft:sand":91,"minecraft:stripped_spruce_log":8,"minecraft:spruce_sapling":11,"minecraft:ink_sac":11,"minecraft:spruce_log":163,"minecraft:spruce_door":1,"minecraft:spider_eye":6,"minecraft:iron_helmet":3,"minecraft:granite":7,"minecraft:bread":18,"minecraft:emerald":30,"minecraft:oak_sapling":13,"minecraft:coal":475},"minecraft:crafted":{"minecraft:oak_planks":64,"minecraft:stone_shovel":1,"minecraft:fishing_rod":2,"minecraft:cooked_chicken":4,"minecraft:furnace":5,"minecraft:cobblestone_stairs":4,"minecraft:bone_meal":12,"minecraft:glass_pane":16,"minecraft:glass":16,"minecraft:spruce_stairs":12,"minecraft:bow":2,"minecraft:iron_boots":1,"minecraft:iron_axe":2,"minecraft:spruce_slab":102,"minecraft:stone_pickaxe":2,"minecraft:chest":6,"minecraft:birch_door":3,"minecraft:stone_hoe":1,"minecraft:cooked_cod":16,"minecraft:wooden_shovel":2,"minecraft:diamond_sword":1,"minecraft:emerald":43,"minecraft:cooked_porkchop":23,"minecraft:crafting_table":3,"minecraft:spruce_planks":242,"minecraft:wooden_pickaxe":1,"minecraft:iron_helmet":1,"minecraft:iron_sword":4,"minecraft:spruce_door":3,"minecraft:golden_shovel":2,"minecraft:birch_planks":24,"minecraft:hay_block":1,"minecraft:bucket":2,"minecraft:pumpkin_seeds":4,"minecraft:campfire":3,"minecraft:bread":1,"minecraft:air":0,"minecraft:blue_dye":1,"minecraft:oak_boat":1,"minecraft:iron_chestplate":1,"minecraft:white_wool":3,"minecraft:charcoal":16,"minecraft:shield":2,"minecraft:stick":72,"minecraft:iron_ingot":218,"minecraft:iron_pickaxe":2,"minecraft:wooden_axe":1,"minecraft:iron_block":3,"minecraft:iron_shovel":3,"minecraft:iron_leggings":1,"minecraft:anvil":1,"minecraft:white_bed":1,"minecraft:torch":128},"minecraft:custom":{"minecraft:mob_kills":104,"minecraft:interact_with_crafting_table":84,"minecraft:interact_with_campfire":1,"minecraft:bell_ring":16,"minecraft:leave_game":21,"minecraft:time_since_death":183236,"minecraft:climb_one_cm":920,"minecraft:sprint_one_cm":658219,"minecraft:walk_one_cm":1441752,"minecraft:damage_blocked_by_shield":1905,"minecraft:drop":40,"minecraft:talked_to_villager":85,"minecraft:sneak_time":8898,"minecraft:deaths":2,"minecraft:walk_under_water_one_cm":47624,"minecraft:boat_one_cm":192991,"minecraft:interact_with_brewingstand":1,"minecraft:jump":2833,"minecraft:walk_on_water_one_cm":101647,"minecraft:interact_with_furnace":128,"minecraft:traded_with_villager":46,"minecraft:interact_with_cartography_table":1,"minecraft:play_one_minute":431776,"minecraft:sleep_in_bed":18,"minecraft:time_since_rest":7979,"minecraft:damage_taken":3526,"minecraft:damage_dealt":18283,"minecraft:swim_one_cm":47794,"minecraft:fly_one_cm":376043,"minecraft:open_chest":101,"minecraft:crouch_one_cm":43698,"minecraft:interact_with_smoker":2,"minecraft:fish_caught":34,"minecraft:fall_one_cm":32509},"minecraft:killed":{"minecraft:cave_spider":7,"minecraft:spider":9,"minecraft:skeleton":17,"minecraft:chicken":4,"minecraft:drowned":1,"minecraft:turtle":1,"minecraft:wolf":1,"minecraft:pig":6,"minecraft:zombie_villager":2,"minecraft:creeper":11,"minecraft:squid":3,"minecraft:sheep":1,"minecraft:zombie":36,"minecraft:enderman":2},"minecraft:broken":{"minecraft:iron_shovel":2,"minecraft:wooden_shovel":2,"minecraft:iron_boots":1,"minecraft:golden_shovel":2,"minecraft:wooden_pickaxe":1,"minecraft:stone_pickaxe":1,"minecraft:shield":1,"minecraft:iron_axe":1,"minecraft:iron_pickaxe":3,"minecraft:golden_pickaxe":1,"minecraft:wooden_axe":1},"minecraft:dropped":{"minecraft:brown_mushroom":1,"minecraft:wheat_seeds":58,"minecraft:golden_pickaxe":1,"minecraft:feather":3,"minecraft:cobblestone":6,"minecraft:granite":2,"minecraft:cobblestone_stairs":4,"minecraft:oxeye_daisy":1,"minecraft:dirt":10,"minecraft:diorite":6,"minecraft:sand":1,"minecraft:string":12,"minecraft:white_wool":3,"minecraft:dandelion":1,"minecraft:gravel":6,"minecraft:stone_shovel":1,"minecraft:rotten_flesh":10,"minecraft:oak_planks":1,"minecraft:azure_bluet":1,"minecraft:filled_map":2,"minecraft:poppy":3,"minecraft:andesite":5,"minecraft:spider_eye":2,"minecraft:bow":1,"minecraft:stone_pickaxe":1,"minecraft:egg":1}},"DataVersion":1976}