{"stat.craftItem.minecraft.cooked_porkchop":2,"stat.pickup.minecraft.stone_pickaxe":1,"stat.pickup.minecraft.stone_axe":1,"stat.useItem.minecraft.apple":1,"stat.useItem.minecraft.rotten_flesh":1,"stat.jump":404,"stat.swimOneCm":4076,"stat.useItem.minecraft.wooden_hoe":8,"stat.fallOneCm":7625,"stat.useItem.minecraft.planks":104,"stat.pickup.minecraft.cooked_porkchop":2,"stat.useItem.minecraft.stone_axe":6,"stat.pickup.minecraft.porkchop":8,"stat.crouchOneCm":7437,"stat.pickup.minecraft.dirt":380,"stat.useItem.minecraft.dirt":12,"stat.useItem.minecraft.stone_slab2":167,"stat.craftingTableInteraction":12,"stat.pickup.minecraft.rotten_flesh":1,"stat.pickup.minecraft.sand":49,"stat.pickup.minecraft.stone_shovel":2,"stat.craftItem.minecraft.furnace":1,"stat.boatOneCm":103519,"stat.craftItem.minecraft.stone_axe":1,"stat.damageTaken":640,"stat.pickup.minecraft.feather":7,"stat.craftItem.minecraft.stone_pickaxe":1,"stat.useItem.minecraft.wooden_pickaxe":43,"stat.pickup.minecraft.cobblestone":58,"stat.pickup.minecraft.wooden_hoe":2,"stat.aviateOneCm":27802,"stat.pickup.minecraft.planks":67,"stat.pickup.minecraft.reeds":1,"stat.useItem.minecraft.stone_shovel":145,"stat.craftItem.minecraft.stone_sword":1,"stat.flyOneCm":155157,"stat.pickup.minecraft.sandstone":8,"stat.pickup.minecraft.wheat_seeds":11,"stat.pickup.minecraft.brown_mushroom":3,"stat.mineBlock.minecraft.sand":11,"stat.entityKilledBy.Zombie":1,"stat.craftItem.minecraft.wooden_hoe":1,"stat.useItem.minecraft.stone_sword":49,"stat.damageDealt":2253,"stat.timeSinceDeath":12014,"stat.mineBlock.minecraft.dirt":159,"stat.craftItem.minecraft.wooden_pickaxe":1,"stat.killEntity.Pig":4,"stat.pickup.minecraft.mutton":18,"stat.craftItem.minecraft.stone_shovel":2,"stat.walkOneCm":115721,"stat.craftItem.minecraft.bed":1,"stat.pickup.minecraft.stick":7,"stat.craftItem.minecraft.crafting_table":2,"stat.furnaceInteraction":6,"stat.craftItem.minecraft.boat":2,"stat.pickup.minecraft.log":72,"stat.craftItem.minecraft.stone_slab2":0,"stat.mineBlock.minecraft.wool":1,"stat.pickup.minecraft.chicken":6,"stat.pickup.minecraft.sapling":15,"stat.sprintOneCm":49743,"stat.pickup.minecraft.apple":1,"stat.craftItem.minecraft.stick":16,"stat.craftItem.minecraft.wooden_axe":1,"stat.craftItem.minecraft.planks":128,"stat.killEntity.Chicken":7,"stat.useItem.minecraft.wheat_seeds":6,"stat.killEntity.Spider":1,"stat.pickup.minecraft.stone_sword":1,"stat.mobKills":24,"stat.mineBlock.minecraft.log":44,"stat.craftItem.minecraft.cooked_chicken":6,"stat.useItem.minecraft.boat":2,"stat.deaths":2,"stat.mineBlock.minecraft.leaves":9,"stat.playOneMinute":48336,"stat.killEntity.Sheep":9,"stat.sneakTime":2580,"stat.pickup.minecraft.wool":15,"stat.killEntity.Zombie":3,"stat.useItem.minecraft.wooden_axe":41,"stat.mineBlock.minecraft.stone":26,"stat.mineBlock.minecraft.tallgrass":75,"stat.diveOneCm":24128}