{"stats":{"minecraft:crafted":{"minecraft:oak_planks":20,"minecraft:stone_shovel":1,"minecraft:cooked_chicken":4,"minecraft:furnace":5,"minecraft:bone_meal":3,"minecraft:glass_pane":16,"minecraft:glass":16,"minecraft:iron_boots":1,"minecraft:iron_axe":1,"minecraft:spruce_slab":54,"minecraft:stone_pickaxe":2,"minecraft:chest":1,"minecraft:birch_door":3,"minecraft:stone_hoe":1,"minecraft:wooden_shovel":1,"minecraft:diamond_sword":1,"minecraft:emerald":43,"minecraft:cooked_porkchop":23,"minecraft:crafting_table":2,"minecraft:spruce_planks":174,"minecraft:wooden_pickaxe":1,"minecraft:iron_helmet":1,"minecraft:iron_sword":3,"minecraft:spruce_door":3,"minecraft:birch_planks":8,"minecraft:pumpkin_seeds":4,"minecraft:bread":1,"minecraft:air":0,"minecraft:blue_dye":1,"minecraft:white_wool":3,"minecraft:iron_chestplate":1,"minecraft:charcoal":16,"minecraft:shield":1,"minecraft:stick":48,"minecraft:iron_ingot":170,"minecraft:iron_pickaxe":2,"minecraft:wooden_axe":1,"minecraft:iron_leggings":1,"minecraft:white_bed":1,"minecraft:torch":128},"minecraft:custom":{"minecraft:mob_kills":49,"minecraft:interact_with_crafting_table":49,"minecraft:bell_ring":16,"minecraft:leave_game":5,"minecraft:time_since_death":209565,"minecraft:climb_one_cm":920,"minecraft:sprint_one_cm":360383,"minecraft:walk_one_cm":780131,"minecraft:damage_blocked_by_shield":955,"minecraft:drop":24,"minecraft:talked_to_villager":85,"minecraft:deaths":1,"minecraft:sneak_time":3693,"minecraft:walk_under_water_one_cm":6548,"minecraft:jump":1898,"minecraft:interact_with_brewingstand":1,"minecraft:walk_on_water_one_cm":23602,"minecraft:interact_with_furnace":108,"minecraft:traded_with_villager":46,"minecraft:interact_with_cartography_table":1,"minecraft:play_one_minute":226117,"minecraft:sleep_in_bed":7,"minecraft:time_since_rest":9448,"minecraft:damage_taken":1704,"minecraft:damage_dealt":8319,"minecraft:swim_one_cm":41402,"minecraft:fly_one_cm":204589,"minecraft:open_chest":32,"minecraft:crouch_one_cm":9243,"minecraft:interact_with_smoker":2,"minecraft:fish_caught":12,"minecraft:fall_one_cm":23660},"minecraft:picked_up":{"minecraft:wooden_axe":1,"minecraft:charcoal":4,"minecraft:iron_chestplate":1,"minecraft:crafting_table":5,"minecraft:wheat":3,"minecraft:chicken":4,"minecraft:brown_mushroom":1,"minecraft:wooden_pickaxe":1,"minecraft:enchanted_book":1,"minecraft:shield":1,"minecraft:iron_axe":2,"minecraft:cornflower":1,"minecraft:string":25,"minecraft:iron_leggings":2,"minecraft:pufferfish":3,"minecraft:spruce_planks":19,"minecraft:wooden_shovel":1,"minecraft:poppy":1,"minecraft:iron_pickaxe":1,"minecraft:sugar_cane":3,"minecraft:chest":1,"minecraft:iron_boots":1,"minecraft:egg":3,"minecraft:furnace":1,"minecraft:stick":17,"minecraft:sandstone":2,"minecraft:torch":36,"minecraft:porkchop":12,"minecraft:diorite":35,"minecraft:arrow":8,"minecraft:stone_shovel":1,"minecraft:rotten_flesh":21,"minecraft:saddle":1,"minecraft:gold_ingot":2,"minecraft:mutton":5,"minecraft:obsidian":4,"minecraft:cod":6,"minecraft:white_wool":6,"minecraft:cobblestone":270,"minecraft:oxeye_daisy":1,"minecraft:birch_log":5,"minecraft:feather":3,"minecraft:cooked_beef":9,"minecraft:andesite":17,"minecraft:salmon":3,"minecraft:leather":6,"minecraft:potato":11,"minecraft:filled_map":1,"minecraft:oak_log":39,"minecraft:gunpowder":4,"minecraft:dirt":208,"minecraft:bone":8,"minecraft:apple":5,"minecraft:bow":1,"minecraft:wheat_seeds":28,"minecraft:iron_ingot":3,"minecraft:grindstone":2,"minecraft:stone_pickaxe":1,"minecraft:iron_ore":189,"minecraft:oak_planks":1,"minecraft:stone_hoe":1,"minecraft:iron_sword":2,"minecraft:pumpkin":2,"minecraft:sweet_berries":14,"minecraft:gravel":7,"minecraft:sand":39,"minecraft:stripped_spruce_log":2,"minecraft:spruce_sapling":9,"minecraft:spruce_log":83,"minecraft:spruce_door":1,"minecraft:spider_eye":2,"minecraft:iron_helmet":2,"minecraft:granite":7,"minecraft:emerald":30,"minecraft:bread":11,"minecraft:oak_sapling":3,"minecraft:coal":429},"minecraft:broken":{"minecraft:wooden_shovel":1,"minecraft:wooden_pickaxe":1,"minecraft:stone_pickaxe":1,"minecraft:iron_pickaxe":3,"minecraft:golden_pickaxe":1,"minecraft:wooden_axe":1},"minecraft:mined":{"minecraft:spruce_planks":20,"minecraft:granite":5,"minecraft:grass_block":81,"minecraft:spruce_leaves":9,"minecraft:oxeye_daisy":1,"minecraft:sandstone":2,"minecraft:furnace":1,"minecraft:iron_ore":186,"minecraft:andesite":15,"minecraft:stripped_spruce_log":2,"minecraft:pumpkin":1,"minecraft:stone":257,"minecraft:white_wool":3,"minecraft:crafting_table":4,"minecraft:cornflower":1,"minecraft:torch":18,"minecraft:poppy":1,"minecraft:chest":1,"minecraft:glass":4,"minecraft:grindstone":1,"minecraft:sugar_cane":1,"minecraft:diorite":35,"minecraft:wall_torch":8,"minecraft:seagrass":1,"minecraft:birch_log":5,"minecraft:wheat":3,"minecraft:spruce_log":72,"minecraft:grass":99,"minecraft:oak_log":40,"minecraft:coal_ore":421,"minecraft:gravel":7,"minecraft:sand":40,"minecraft:dirt":78,"minecraft:cobweb":18,"minecraft:oak_leaves":3,"minecraft:fern":2},"minecraft:killed":{"minecraft:cave_spider":7,"minecraft:spider":5,"minecraft:skeleton":4,"minecraft:chicken":4,"minecraft:turtle":1,"minecraft:pig":6,"minecraft:zombie_villager":1,"minecraft:creeper":4,"minecraft:zombie":16},"minecraft:used":{"minecraft:stone_shovel":86,"minecraft:spruce_slab":45,"minecraft:chest":2,"minecraft:spruce_planks":118,"minecraft:iron_sword":192,"minecraft:wooden_shovel":65,"minecraft:cooked_chicken":4,"minecraft:rotten_flesh":5,"minecraft:stone_hoe":19,"minecraft:torch":173,"minecraft:dirt":130,"minecraft:granite":3,"minecraft:stripped_spruce_log":1,"minecraft:birch_door":1,"minecraft:glass":4,"minecraft:wooden_axe":50,"minecraft:iron_axe":133,"minecraft:sweet_berries":6,"minecraft:furnace":5,"minecraft:egg":2,"minecraft:cooked_beef":4,"minecraft:wheat_seeds":22,"minecraft:diorite":18,"minecraft:iron_ore":1,"minecraft:spruce_door":1,"minecraft:stone_pickaxe":131,"minecraft:wooden_pickaxe":54,"minecraft:white_wool":3,"minecraft:sand":5,"minecraft:crafting_table":5,"minecraft:white_bed":1,"minecraft:spruce_log":19,"minecraft:oak_log":1,"minecraft:iron_pickaxe":772,"minecraft:bread":6,"minecraft:map":1,"minecraft:gravel":1,"minecraft:fishing_rod":23,"minecraft:cobblestone":82,"minecraft:cooked_porkchop":10,"minecraft:andesite":1,"minecraft:glass_pane":16,"minecraft:golden_pickaxe":38,"minecraft:bone_meal":3},"minecraft:dropped":{"minecraft:brown_mushroom":1,"minecraft:wheat_seeds":5,"minecraft:golden_pickaxe":1,"minecraft:feather":3,"minecraft:cobblestone":6,"minecraft:granite":2,"minecraft:oxeye_daisy":1,"minecraft:dirt":9,"minecraft:diorite":6,"minecraft:string":9,"minecraft:white_wool":3,"minecraft:gravel":6,"minecraft:stone_shovel":1,"minecraft:rotten_flesh":1,"minecraft:oak_planks":1,"minecraft:filled_map":2,"minecraft:poppy":1,"minecraft:andesite":5,"minecraft:stone_pickaxe":1,"minecraft:egg":1}},"DataVersion":1976}