{"stats":{"minecraft:crafted":{"minecraft:wooden_shovel":1,"minecraft:stone_shovel":1,"minecraft:cooked_porkchop":8,"minecraft:crafting_table":1,"minecraft:spruce_planks":150,"minecraft:wooden_pickaxe":1,"minecraft:cooked_chicken":4,"minecraft:iron_sword":1,"minecraft:spruce_door":3,"minecraft:furnace":1,"minecraft:air":0,"minecraft:glass_pane":16,"minecraft:glass":16,"minecraft:charcoal":3,"minecraft:iron_axe":1,"minecraft:spruce_slab":54,"minecraft:stick":16,"minecraft:iron_ingot":15,"minecraft:iron_pickaxe":1,"minecraft:stone_pickaxe":1,"minecraft:wooden_axe":1,"minecraft:torch":16},"minecraft:custom":{"minecraft:interact_with_furnace":20,"minecraft:mob_kills":13,"minecraft:interact_with_crafting_table":21,"minecraft:play_one_minute":56930,"minecraft:leave_game":2,"minecraft:time_since_death":40378,"minecraft:time_since_rest":40528,"minecraft:sprint_one_cm":89859,"minecraft:damage_taken":490,"minecraft:walk_one_cm":179700,"minecraft:drop":2,"minecraft:damage_dealt":1592,"minecraft:talked_to_villager":1,"minecraft:swim_one_cm":20326,"minecraft:fly_one_cm":27997,"minecraft:open_chest":9,"minecraft:crouch_one_cm":4241,"minecraft:deaths":1,"minecraft:sneak_time":1345,"minecraft:walk_under_water_one_cm":5626,"minecraft:jump":421,"minecraft:walk_on_water_one_cm":10914,"minecraft:fish_caught":2,"minecraft:fall_one_cm":4252},"minecraft:picked_up":{"minecraft:wooden_axe":1,"minecraft:crafting_table":4,"minecraft:feather":3,"minecraft:chicken":4,"minecraft:salmon":1,"minecraft:leather":1,"minecraft:brown_mushroom":1,"minecraft:wooden_pickaxe":1,"minecraft:oak_log":5,"minecraft:dirt":178,"minecraft:bow":1,"minecraft:wheat_seeds":19,"minecraft:spruce_planks":15,"minecraft:iron_ore":15,"minecraft:wooden_shovel":1,"minecraft:poppy":1,"minecraft:chest":1,"minecraft:egg":3,"minecraft:stick":3,"minecraft:torch":1,"minecraft:gravel":6,"minecraft:porkchop":12,"minecraft:sand":16,"minecraft:stripped_spruce_log":2,"minecraft:spruce_sapling":9,"minecraft:diorite":5,"minecraft:spruce_log":83,"minecraft:rotten_flesh":5,"minecraft:granite":2,"minecraft:oak_sapling":1,"minecraft:cod":1,"minecraft:coal":2,"minecraft:cobblestone":74},"minecraft:broken":{"minecraft:wooden_shovel":1,"minecraft:wooden_axe":1,"minecraft:wooden_pickaxe":1},"minecraft:mined":{"minecraft:spruce_planks":18,"minecraft:crafting_table":3,"minecraft:granite":2,"minecraft:grass_block":62,"minecraft:poppy":1,"minecraft:chest":1,"minecraft:glass":4,"minecraft:spruce_leaves":6,"minecraft:diorite":6,"minecraft:wall_torch":1,"minecraft:iron_ore":15,"minecraft:spruce_log":72,"minecraft:stripped_spruce_log":2,"minecraft:grass":84,"minecraft:coal_ore":5,"minecraft:oak_log":5,"minecraft:gravel":6,"minecraft:sand":17,"minecraft:dirt":68,"minecraft:stone":74},"minecraft:killed":{"minecraft:pig":6,"minecraft:zombie":1,"minecraft:chicken":4,"minecraft:turtle":1},"minecraft:dropped":{"minecraft:brown_mushroom":1,"minecraft:poppy":1},"minecraft:used":{"minecraft:diorite":5,"minecraft:spruce_door":1,"minecraft:spruce_slab":45,"minecraft:stone_shovel":47,"minecraft:stone_pickaxe":96,"minecraft:spruce_planks":112,"minecraft:chest":1,"minecraft:wooden_pickaxe":54,"minecraft:wooden_shovel":65,"minecraft:rotten_flesh":5,"minecraft:torch":8,"minecraft:dirt":123,"minecraft:crafting_table":4,"minecraft:spruce_log":19,"minecraft:stripped_spruce_log":1,"minecraft:glass":4,"minecraft:wooden_axe":50,"minecraft:iron_axe":83,"minecraft:fishing_rod":5,"minecraft:furnace":1,"minecraft:cooked_porkchop":3,"minecraft:glass_pane":16,"minecraft:egg":2}},"DataVersion":1976}