{"stats":{"minecraft:dropped":{"minecraft:brown_mushroom":1,"minecraft:wheat_seeds":5,"minecraft:golden_pickaxe":1,"minecraft:feather":3,"minecraft:cobblestone":6,"minecraft:granite":2,"minecraft:oxeye_daisy":1,"minecraft:dirt":9,"minecraft:diorite":6,"minecraft:string":9,"minecraft:white_wool":3,"minecraft:gravel":6,"minecraft:stone_shovel":1,"minecraft:rotten_flesh":1,"minecraft:oak_planks":1,"minecraft:filled_map":2,"minecraft:poppy":1,"minecraft:andesite":5,"minecraft:stone_pickaxe":1,"minecraft:egg":1},"minecraft:crafted":{"minecraft:oak_planks":36,"minecraft:stone_shovel":1,"minecraft:cooked_chicken":4,"minecraft:furnace":5,"minecraft:bone_meal":12,"minecraft:glass_pane":16,"minecraft:glass":16,"minecraft:bow":2,"minecraft:iron_boots":1,"minecraft:iron_axe":1,"minecraft:spruce_slab":54,"minecraft:stone_pickaxe":2,"minecraft:chest":2,"minecraft:birch_door":3,"minecraft:stone_hoe":1,"minecraft:wooden_shovel":1,"minecraft:diamond_sword":1,"minecraft:emerald":43,"minecraft:cooked_porkchop":23,"minecraft:crafting_table":2,"minecraft:spruce_planks":174,"minecraft:iron_helmet":1,"minecraft:wooden_pickaxe":1,"minecraft:iron_sword":3,"minecraft:spruce_door":3,"minecraft:golden_shovel":2,"minecraft:bucket":2,"minecraft:birch_planks":8,"minecraft:pumpkin_seeds":4,"minecraft:bread":1,"minecraft:air":0,"minecraft:blue_dye":1,"minecraft:white_wool":3,"minecraft:iron_chestplate":1,"minecraft:charcoal":16,"minecraft:shield":1,"minecraft:stick":68,"minecraft:iron_ingot":218,"minecraft:iron_pickaxe":2,"minecraft:wooden_axe":1,"minecraft:iron_block":3,"minecraft:iron_shovel":1,"minecraft:iron_leggings":1,"minecraft:anvil":1,"minecraft:white_bed":1,"minecraft:torch":128},"minecraft:picked_up":{"minecraft:wooden_axe":1,"minecraft:charcoal":4,"minecraft:iron_chestplate":2,"minecraft:crafting_table":5,"minecraft:wheat":6,"minecraft:azure_bluet":1,"minecraft:chicken":4,"minecraft:anvil":2,"minecraft:brown_mushroom":1,"minecraft:wooden_pickaxe":1,"minecraft:enchanted_book":1,"minecraft:shield":2,"minecraft:cornflower":1,"minecraft:string":27,"minecraft:iron_axe":4,"minecraft:iron_leggings":3,"minecraft:pufferfish":3,"minecraft:spruce_planks":19,"minecraft:wooden_shovel":1,"minecraft:poppy":3,"minecraft:iron_pickaxe":1,"minecraft:sugar_cane":3,"minecraft:chest":1,"minecraft:furnace":8,"minecraft:iron_boots":2,"minecraft:egg":3,"minecraft:stick":17,"minecraft:sandstone":2,"minecraft:torch":50,"minecraft:porkchop":12,"minecraft:diorite":35,"minecraft:carrot":3,"minecraft:arrow":18,"minecraft:stone_shovel":1,"minecraft:rotten_flesh":28,"minecraft:saddle":1,"minecraft:gold_ingot":2,"minecraft:obsidian":4,"minecraft:mutton":5,"minecraft:cod":6,"minecraft:white_wool":6,"minecraft:cobblestone":270,"minecraft:oxeye_daisy":1,"minecraft:birch_log":5,"minecraft:feather":3,"minecraft:cooked_beef":13,"minecraft:andesite":17,"minecraft:salmon":3,"minecraft:leather":6,"minecraft:potato":11,"minecraft:filled_map":1,"minecraft:oak_log":39,"minecraft:gunpowder":4,"minecraft:dirt":544,"minecraft:bone":12,"minecraft:apple":5,"minecraft:bow":2,"minecraft:wheat_seeds":68,"minecraft:iron_ingot":3,"minecraft:grindstone":2,"minecraft:stone_pickaxe":2,"minecraft:iron_ore":189,"minecraft:stone_hoe":2,"minecraft:iron_sword":3,"minecraft:oak_planks":1,"minecraft:pumpkin":2,"minecraft:sweet_berries":28,"minecraft:dandelion":1,"minecraft:gravel":7,"minecraft:sand":40,"minecraft:stripped_spruce_log":4,"minecraft:spruce_sapling":9,"minecraft:spruce_log":96,"minecraft:spruce_door":1,"minecraft:spider_eye":4,"minecraft:iron_helmet":3,"minecraft:granite":7,"minecraft:bread":18,"minecraft:emerald":30,"minecraft:oak_sapling":3,"minecraft:coal":475},"minecraft:killed":{"minecraft:cave_spider":7,"minecraft:spider":6,"minecraft:skeleton":7,"minecraft:chicken":4,"minecraft:drowned":1,"minecraft:turtle":1,"minecraft:pig":6,"minecraft:zombie_villager":1,"minecraft:creeper":4,"minecraft:zombie":20},"minecraft:custom":{"minecraft:mob_kills":58,"minecraft:interact_with_crafting_table":58,"minecraft:bell_ring":16,"minecraft:leave_game":17,"minecraft:time_since_death":26398,"minecraft:climb_one_cm":920,"minecraft:sprint_one_cm":386161,"minecraft:walk_one_cm":906632,"minecraft:damage_blocked_by_shield":1230,"minecraft:drop":24,"minecraft:talked_to_villager":85,"minecraft:sneak_time":5938,"minecraft:deaths":2,"minecraft:walk_under_water_one_cm":24400,"minecraft:jump":2040,"minecraft:interact_with_brewingstand":1,"minecraft:walk_on_water_one_cm":33460,"minecraft:interact_with_furnace":112,"minecraft:traded_with_villager":46,"minecraft:interact_with_cartography_table":1,"minecraft:play_one_minute":274938,"minecraft:sleep_in_bed":10,"minecraft:time_since_rest":6388,"minecraft:damage_taken":2212,"minecraft:damage_dealt":9459,"minecraft:swim_one_cm":41402,"minecraft:fly_one_cm":219042,"minecraft:open_chest":54,"minecraft:crouch_one_cm":28357,"minecraft:interact_with_smoker":2,"minecraft:fish_caught":12,"minecraft:fall_one_cm":24496},"minecraft:mined":{"minecraft:spruce_planks":20,"minecraft:granite":5,"minecraft:grass_block":328,"minecraft:spruce_leaves":9,"minecraft:oxeye_daisy":1,"minecraft:sandstone":2,"minecraft:furnace":8,"minecraft:iron_ore":186,"minecraft:stripped_spruce_log":2,"minecraft:andesite":15,"minecraft:pumpkin":1,"minecraft:anvil":2,"minecraft:stone":257,"minecraft:white_wool":3,"minecraft:podzol":68,"minecraft:crafting_table":4,"minecraft:cornflower":1,"minecraft:torch":20,"minecraft:poppy":1,"minecraft:chest":1,"minecraft:glass":4,"minecraft:grindstone":1,"minecraft:sugar_cane":1,"minecraft:wall_torch":9,"minecraft:diorite":35,"minecraft:seagrass":1,"minecraft:birch_log":5,"minecraft:wheat":3,"minecraft:spruce_log":89,"minecraft:grass":119,"minecraft:oak_log":40,"minecraft:coal_ore":421,"minecraft:sand":41,"minecraft:gravel":7,"minecraft:dirt":80,"minecraft:cobweb":18,"minecraft:oak_leaves":3,"minecraft:fern":2},"minecraft:killed_by":{"minecraft:zombie":1},"minecraft:broken":{"minecraft:wooden_shovel":1,"minecraft:golden_shovel":2,"minecraft:wooden_pickaxe":1,"minecraft:stone_pickaxe":1,"minecraft:iron_pickaxe":3,"minecraft:golden_pickaxe":1,"minecraft:wooden_axe":1},"minecraft:used":{"minecraft:iron_shovel":209,"minecraft:spruce_slab":45,"minecraft:stone_shovel":86,"minecraft:chest":3,"minecraft:spruce_planks":118,"minecraft:iron_sword":225,"minecraft:wooden_shovel":65,"minecraft:cooked_chicken":4,"minecraft:rotten_flesh":5,"minecraft:stone_hoe":19,"minecraft:torch":175,"minecraft:dirt":250,"minecraft:anvil":3,"minecraft:golden_shovel":68,"minecraft:granite":3,"minecraft:stripped_spruce_log":3,"minecraft:birch_door":1,"minecraft:glass":4,"minecraft:wooden_axe":50,"minecraft:iron_axe":150,"minecraft:bow":12,"minecraft:sweet_berries":6,"minecraft:furnace":12,"minecraft:egg":2,"minecraft:cooked_beef":4,"minecraft:wheat_seeds":22,"minecraft:water_bucket":11,"minecraft:diorite":18,"minecraft:iron_ore":1,"minecraft:spruce_door":1,"minecraft:stone_pickaxe":140,"minecraft:wooden_pickaxe":54,"minecraft:white_wool":3,"minecraft:sand":5,"minecraft:crafting_table":5,"minecraft:white_bed":1,"minecraft:spruce_log":19,"minecraft:oak_log":1,"minecraft:iron_pickaxe":772,"minecraft:bread":10,"minecraft:map":1,"minecraft:gravel":1,"minecraft:spruce_sapling":4,"minecraft:fishing_rod":23,"minecraft:cobblestone":98,"minecraft:grindstone":1,"minecraft:cooked_porkchop":10,"minecraft:andesite":1,"minecraft:bucket":13,"minecraft:glass_pane":16,"minecraft:golden_pickaxe":38,"minecraft:bone_meal":6}},"DataVersion":1976}