{"stats":{"minecraft:crafted":{"minecraft:wooden_shovel":1,"minecraft:stone_shovel":1,"minecraft:cooked_porkchop":8,"minecraft:crafting_table":1,"minecraft:spruce_planks":74,"minecraft:wooden_pickaxe":1,"minecraft:furnace":1,"minecraft:air":0,"minecraft:iron_axe":1,"minecraft:stick":12,"minecraft:iron_ingot":3,"minecraft:stone_pickaxe":1,"minecraft:wooden_axe":1,"minecraft:torch":8},"minecraft:custom":{"minecraft:interact_with_furnace":12,"minecraft:mob_kills":12,"minecraft:interact_with_crafting_table":14,"minecraft:play_one_minute":44930,"minecraft:leave_game":2,"minecraft:time_since_death":28378,"minecraft:time_since_rest":28528,"minecraft:sprint_one_cm":78468,"minecraft:damage_taken":410,"minecraft:walk_one_cm":141292,"minecraft:drop":2,"minecraft:damage_dealt":1292,"minecraft:talked_to_villager":1,"minecraft:swim_one_cm":19671,"minecraft:fly_one_cm":19989,"minecraft:open_chest":3,"minecraft:crouch_one_cm":4144,"minecraft:deaths":1,"minecraft:sneak_time":1128,"minecraft:walk_under_water_one_cm":5279,"minecraft:jump":344,"minecraft:walk_on_water_one_cm":10240,"minecraft:fall_one_cm":2483},"minecraft:picked_up":{"minecraft:wooden_axe":1,"minecraft:crafting_table":4,"minecraft:feather":3,"minecraft:chicken":4,"minecraft:brown_mushroom":1,"minecraft:wooden_pickaxe":1,"minecraft:oak_log":5,"minecraft:dirt":176,"minecraft:wheat_seeds":19,"minecraft:spruce_planks":6,"minecraft:iron_ore":15,"minecraft:wooden_shovel":1,"minecraft:poppy":1,"minecraft:chest":1,"minecraft:egg":3,"minecraft:stick":2,"minecraft:gravel":6,"minecraft:porkchop":12,"minecraft:sand":16,"minecraft:stripped_spruce_log":2,"minecraft:spruce_sapling":6,"minecraft:diorite":5,"minecraft:spruce_log":67,"minecraft:rotten_flesh":5,"minecraft:granite":2,"minecraft:oak_sapling":1,"minecraft:cobblestone":74},"minecraft:broken":{"minecraft:wooden_shovel":1,"minecraft:wooden_axe":1,"minecraft:wooden_pickaxe":1},"minecraft:mined":{"minecraft:spruce_planks":7,"minecraft:crafting_table":3,"minecraft:granite":2,"minecraft:grass_block":62,"minecraft:poppy":1,"minecraft:chest":1,"minecraft:spruce_leaves":6,"minecraft:diorite":5,"minecraft:iron_ore":15,"minecraft:spruce_log":56,"minecraft:stripped_spruce_log":2,"minecraft:grass":84,"minecraft:oak_log":5,"minecraft:gravel":6,"minecraft:sand":17,"minecraft:dirt":66,"minecraft:stone":74},"minecraft:killed":{"minecraft:pig":6,"minecraft:zombie":1,"minecraft:chicken":4},"minecraft:dropped":{"minecraft:brown_mushroom":1,"minecraft:poppy":1},"minecraft:used":{"minecraft:diorite":5,"minecraft:stone_shovel":47,"minecraft:stone_pickaxe":86,"minecraft:spruce_planks":64,"minecraft:chest":1,"minecraft:wooden_pickaxe":54,"minecraft:wooden_shovel":65,"minecraft:rotten_flesh":5,"minecraft:torch":4,"minecraft:dirt":121,"minecraft:crafting_table":4,"minecraft:spruce_log":15,"minecraft:stripped_spruce_log":1,"minecraft:wooden_axe":50,"minecraft:iron_axe":46,"minecraft:furnace":1,"minecraft:cooked_porkchop":3,"minecraft:egg":2}},"DataVersion":1976}