{"stats":{"minecraft:crafted":{"minecraft:oak_planks":20,"minecraft:stone_shovel":1,"minecraft:cooked_chicken":4,"minecraft:furnace":3,"minecraft:glass_pane":16,"minecraft:glass":16,"minecraft:iron_boots":1,"minecraft:iron_axe":1,"minecraft:spruce_slab":54,"minecraft:stone_pickaxe":1,"minecraft:chest":1,"minecraft:birch_door":3,"minecraft:stone_hoe":1,"minecraft:wooden_shovel":1,"minecraft:cooked_porkchop":8,"minecraft:crafting_table":2,"minecraft:spruce_planks":166,"minecraft:wooden_pickaxe":1,"minecraft:iron_helmet":1,"minecraft:iron_sword":1,"minecraft:spruce_door":3,"minecraft:birch_planks":8,"minecraft:air":0,"minecraft:blue_dye":1,"minecraft:white_wool":3,"minecraft:iron_chestplate":1,"minecraft:charcoal":16,"minecraft:shield":1,"minecraft:stick":44,"minecraft:iron_ingot":60,"minecraft:iron_pickaxe":2,"minecraft:wooden_axe":1,"minecraft:iron_leggings":1,"minecraft:white_bed":1,"minecraft:torch":68},"minecraft:custom":{"minecraft:mob_kills":23,"minecraft:interact_with_crafting_table":42,"minecraft:leave_game":3,"minecraft:time_since_death":87907,"minecraft:sprint_one_cm":126082,"minecraft:walk_one_cm":325801,"minecraft:damage_blocked_by_shield":105,"minecraft:drop":12,"minecraft:talked_to_villager":1,"minecraft:deaths":1,"minecraft:sneak_time":1813,"minecraft:walk_under_water_one_cm":5718,"minecraft:jump":738,"minecraft:walk_on_water_one_cm":14772,"minecraft:interact_with_furnace":46,"minecraft:play_one_minute":104459,"minecraft:sleep_in_bed":2,"minecraft:time_since_rest":13809,"minecraft:damage_taken":719,"minecraft:damage_dealt":3541,"minecraft:swim_one_cm":20326,"minecraft:fly_one_cm":57448,"minecraft:open_chest":19,"minecraft:crouch_one_cm":5658,"minecraft:fish_caught":12,"minecraft:fall_one_cm":6611},"minecraft:picked_up":{"minecraft:wooden_axe":1,"minecraft:charcoal":4,"minecraft:crafting_table":5,"minecraft:chicken":4,"minecraft:brown_mushroom":1,"minecraft:wooden_pickaxe":1,"minecraft:enchanted_book":1,"minecraft:cornflower":1,"minecraft:string":15,"minecraft:pufferfish":3,"minecraft:spruce_planks":15,"minecraft:wooden_shovel":1,"minecraft:poppy":1,"minecraft:chest":1,"minecraft:egg":3,"minecraft:furnace":1,"minecraft:stick":6,"minecraft:torch":8,"minecraft:porkchop":12,"minecraft:diorite":23,"minecraft:rotten_flesh":11,"minecraft:cod":6,"minecraft:cobblestone":122,"minecraft:birch_log":5,"minecraft:feather":3,"minecraft:salmon":3,"minecraft:andesite":2,"minecraft:leather":1,"minecraft:oak_log":39,"minecraft:gunpowder":1,"minecraft:dirt":182,"minecraft:bone":1,"minecraft:bow":1,"minecraft:wheat_seeds":20,"minecraft:stone_pickaxe":1,"minecraft:iron_ore":87,"minecraft:gravel":6,"minecraft:sand":17,"minecraft:stripped_spruce_log":2,"minecraft:spruce_sapling":9,"minecraft:spruce_log":83,"minecraft:spruce_door":1,"minecraft:spider_eye":1,"minecraft:granite":5,"minecraft:oak_sapling":3,"minecraft:coal":68},"minecraft:broken":{"minecraft:wooden_shovel":1,"minecraft:wooden_pickaxe":1,"minecraft:stone_pickaxe":1,"minecraft:wooden_axe":1},"minecraft:mined":{"minecraft:spruce_planks":18,"minecraft:granite":3,"minecraft:grass_block":62,"minecraft:spruce_leaves":6,"minecraft:furnace":1,"minecraft:iron_ore":91,"minecraft:andesite":1,"minecraft:stripped_spruce_log":2,"minecraft:stone":124,"minecraft:crafting_table":4,"minecraft:cornflower":1,"minecraft:torch":4,"minecraft:poppy":1,"minecraft:chest":1,"minecraft:glass":4,"minecraft:diorite":23,"minecraft:wall_torch":3,"minecraft:seagrass":1,"minecraft:birch_log":5,"minecraft:spruce_log":72,"minecraft:grass":88,"minecraft:oak_log":40,"minecraft:coal_ore":72,"minecraft:gravel":6,"minecraft:sand":18,"minecraft:dirt":71,"minecraft:cobweb":11,"minecraft:oak_leaves":3},"minecraft:killed":{"minecraft:cave_spider":1,"minecraft:spider":3,"minecraft:skeleton":1,"minecraft:chicken":4,"minecraft:turtle":1,"minecraft:pig":6,"minecraft:zombie_villager":1,"minecraft:creeper":1,"minecraft:zombie":4},"minecraft:used":{"minecraft:spruce_slab":45,"minecraft:stone_shovel":47,"minecraft:spruce_planks":112,"minecraft:chest":2,"minecraft:iron_sword":53,"minecraft:wooden_shovel":65,"minecraft:stone_hoe":18,"minecraft:cooked_chicken":3,"minecraft:rotten_flesh":5,"minecraft:torch":68,"minecraft:dirt":126,"minecraft:stripped_spruce_log":1,"minecraft:birch_door":1,"minecraft:glass":4,"minecraft:wooden_axe":50,"minecraft:iron_axe":131,"minecraft:furnace":3,"minecraft:egg":2,"minecraft:wheat_seeds":18,"minecraft:diorite":18,"minecraft:iron_ore":1,"minecraft:spruce_door":1,"minecraft:stone_pickaxe":131,"minecraft:wooden_pickaxe":54,"minecraft:crafting_table":5,"minecraft:white_bed":1,"minecraft:spruce_log":19,"minecraft:oak_log":1,"minecraft:iron_pickaxe":187,"minecraft:fishing_rod":23,"minecraft:cobblestone":8,"minecraft:cooked_porkchop":4,"minecraft:glass_pane":16},"minecraft:dropped":{"minecraft:brown_mushroom":1,"minecraft:wheat_seeds":1,"minecraft:feather":3,"minecraft:granite":2,"minecraft:dirt":9,"minecraft:diorite":5,"minecraft:gravel":6,"minecraft:rotten_flesh":1,"minecraft:poppy":1,"minecraft:andesite":1,"minecraft:stone_pickaxe":1,"minecraft:egg":1}},"DataVersion":1976}