{"stat.useItem.minecraft.bow":142,"stat.pickup.minecraft.boat":2,"stat.walkOneCm":74347,"stat.pickup.minecraft.bone":6,"stat.drop.minecraft.blaze_powder":9,"stat.useItem.minecraft.potato":1,"stat.pickup.minecraft.arrow":8,"stat.craftItem.minecraft.crafting_table":1,"stat.drop.minecraft.wool":5,"stat.craftItem.minecraft.boat":1,"stat.useItem.minecraft.diamond_sword":46,"stat.pickup.minecraft.log":5,"stat.drop.minecraft.enchanted_book":1,"stat.swimOneCm":22788,"stat.jump":350,"stat.fallOneCm":13164,"stat.useItem.minecraft.planks":11,"stat.pickup.minecraft.carrot":1,"stat.pickup.minecraft.cooked_porkchop":27,"stat.drop.minecraft.anvil":1,"stat.killEntity.Squid":4,"stat.pickup.minecraft.ender_pearl":2,"stat.pickup.minecraft.dirt":3,"stat.useItem.minecraft.dirt":1,"stat.sprintOneCm":39190,"stat.pickup.minecraft.bow":1,"stat.craftingTableInteraction":1,"stat.pickup.minecraft.rotten_flesh":10,"stat.pickup.minecraft.sand":1,"stat.killEntity.Skeleton":3,"stat.boatOneCm":65085,"stat.craftItem.minecraft.planks":20,"stat.pickup.minecraft.anvil":1,"stat.damageTaken":260,"stat.drop.minecraft.bone":2,"stat.killEntity.Enderman":1,"stat.useItem.minecraft.ender_eye":9,"stat.mobKills":33,"stat.pickup.minecraft.ender_eye":6,"stat.mineBlock.minecraft.log":5,"stat.pickup.minecraft.dye":6,"stat.useItem.minecraft.anvil":1,"stat.useItem.minecraft.golden_apple":3,"stat.flyOneCm":39500,"stat.useItem.minecraft.boat":2,"stat.useItem.minecraft.ender_pearl":2,"stat.drop":9,"stat.pickup.minecraft.wheat_seeds":1,"stat.mineBlock.minecraft.leaves":1,"stat.pickup.minecraft.potato":1,"stat.playOneMinute":35766,"stat.drop.minecraft.sand":1,"stat.killEntity.Sheep":4,"stat.pickup.minecraft.wool":5,"stat.damageDealt":3397,"stat.killEntity.Zombie":8,"stat.drop.minecraft.arrow":2,"stat.timeSinceDeath":35766,"stat.pickup.minecraft.yellow_flower":1,"stat.useItem.minecraft.crafting_table":1,"stat.mineBlock.minecraft.dirt":2,"stat.killEntity.Pig":6,"stat.mineBlock.minecraft.tallgrass":1,"stat.diveOneCm":5473,"stat.pickup.minecraft.cooked_mutton":12}