{"stat.chestOpened":4,"stat.useItem.minecraft.bow":152,"stat.pickup.minecraft.boat":2,"stat.killEntity.Bat":1,"stat.walkOneCm":214830,"stat.pickup.minecraft.bone":11,"stat.useItem.minecraft.torch":112,"stat.drop.minecraft.blaze_powder":9,"stat.useItem.minecraft.potato":1,"stat.pickup.minecraft.arrow":15,"stat.mineBlock.minecraft.vine":1,"stat.craftItem.minecraft.crafting_table":1,"stat.drop.minecraft.wool":5,"stat.craftItem.minecraft.boat":1,"stat.killEntity.Creeper":1,"stat.useItem.minecraft.diamond_sword":101,"stat.pickup.minecraft.log":7,"stat.pickup.minecraft.string":20,"stat.drop.minecraft.enchanted_book":1,"stat.swimOneCm":30843,"stat.jump":593,"stat.fallOneCm":18755,"stat.useItem.minecraft.planks":11,"stat.climbOneCm":3923,"stat.useItem.minecraft.cooked_mutton":2,"stat.pickup.minecraft.carrot":1,"stat.pickup.minecraft.cooked_porkchop":27,"stat.pickup.minecraft.gunpowder":6,"stat.drop.minecraft.anvil":1,"stat.crouchOneCm":1073,"stat.pickup.minecraft.spider_eye":11,"stat.killEntity.Squid":4,"stat.pickup.minecraft.ender_pearl":2,"stat.pickup.minecraft.sapling":4,"stat.pickup.minecraft.dirt":20,"stat.useItem.minecraft.dirt":10,"stat.sprintOneCm":65019,"stat.pickup.minecraft.bow":2,"stat.pickup.minecraft.melon":4,"stat.pickup.minecraft.apple":1,"stat.craftingTableInteraction":1,"stat.pickup.minecraft.rotten_flesh":25,"stat.pickup.minecraft.sand":1,"stat.killEntity.Skeleton":7,"stat.drop.minecraft.bow":1,"stat.boatOneCm":65085,"stat.craftItem.minecraft.planks":20,"stat.pickup.minecraft.anvil":1,"stat.damageTaken":479,"stat.killEntity.Spider":9,"stat.drop.minecraft.bone":2,"stat.killEntity.Enderman":1,"stat.useItem.minecraft.ender_eye":78,"stat.mobKills":55,"stat.pickup.minecraft.ender_eye":43,"stat.mineBlock.minecraft.log":5,"stat.pickup.minecraft.dye":6,"stat.useItem.minecraft.anvil":1,"stat.useItem.minecraft.golden_apple":3,"stat.flyOneCm":62714,"stat.useItem.minecraft.boat":2,"stat.useItem.minecraft.ender_pearl":2,"stat.drop":10,"stat.pickup.minecraft.wheat_seeds":5,"stat.pickup.minecraft.iron_door":1,"stat.mineBlock.minecraft.leaves":7,"stat.pickup.minecraft.potato":1,"stat.playOneMinute":60066,"stat.pickup.minecraft.stone_button":2,"stat.drop.minecraft.sand":1,"stat.pickup.minecraft.torch":3,"stat.killEntity.Sheep":4,"stat.sneakTime":254,"stat.pickup.minecraft.wool":5,"stat.damageDealt":6702,"stat.killEntity.Zombie":14,"stat.drop.minecraft.arrow":2,"stat.timeSinceDeath":60066,"stat.pickup.minecraft.yellow_flower":1,"stat.useItem.minecraft.crafting_table":1,"stat.mineBlock.minecraft.dirt":5,"stat.killEntity.Pig":6,"stat.mineBlock.minecraft.tallgrass":11,"stat.diveOneCm":6113,"stat.pickup.minecraft.cooked_mutton":12}