{"stat.craftItem.minecraft.stone_shovel":2,"stat.walkOneCm":109143,"stat.craftItem.minecraft.bed":1,"stat.pickup.minecraft.stick":6,"stat.craftItem.minecraft.cooked_porkchop":2,"stat.craftItem.minecraft.crafting_table":2,"stat.furnaceInteraction":6,"stat.useItem.minecraft.apple":1,"stat.craftItem.minecraft.boat":2,"stat.pickup.minecraft.log":72,"stat.useItem.minecraft.rotten_flesh":1,"stat.jump":305,"stat.swimOneCm":2246,"stat.useItem.minecraft.wooden_hoe":8,"stat.fallOneCm":3963,"stat.useItem.minecraft.stone_axe":6,"stat.craftItem.minecraft.stone_slab2":0,"stat.pickup.minecraft.porkchop":8,"stat.crouchOneCm":6797,"stat.mineBlock.minecraft.wool":1,"stat.pickup.minecraft.chicken":6,"stat.pickup.minecraft.sapling":15,"stat.pickup.minecraft.dirt":300,"stat.useItem.minecraft.dirt":12,"stat.sprintOneCm":47223,"stat.useItem.minecraft.stone_slab2":12,"stat.pickup.minecraft.apple":1,"stat.craftItem.minecraft.stick":16,"stat.craftItem.minecraft.wooden_axe":1,"stat.craftingTableInteraction":12,"stat.pickup.minecraft.rotten_flesh":1,"stat.pickup.minecraft.sand":49,"stat.pickup.minecraft.stone_shovel":1,"stat.craftItem.minecraft.furnace":1,"stat.boatOneCm":103519,"stat.craftItem.minecraft.planks":44,"stat.killEntity.Chicken":7,"stat.craftItem.minecraft.stone_axe":1,"stat.useItem.minecraft.wheat_seeds":6,"stat.damageTaken":300,"stat.pickup.minecraft.feather":7,"stat.craftItem.minecraft.stone_pickaxe":1,"stat.useItem.minecraft.wooden_pickaxe":43,"stat.mobKills":23,"stat.pickup.minecraft.cobblestone":50,"stat.mineBlock.minecraft.log":44,"stat.pickup.minecraft.wooden_hoe":1,"stat.aviateOneCm":8594,"stat.pickup.minecraft.planks":3,"stat.craftItem.minecraft.cooked_chicken":6,"stat.pickup.minecraft.reeds":1,"stat.useItem.minecraft.stone_shovel":145,"stat.craftItem.minecraft.stone_sword":1,"stat.flyOneCm":35984,"stat.useItem.minecraft.boat":2,"stat.pickup.minecraft.sandstone":8,"stat.deaths":1,"stat.pickup.minecraft.wheat_seeds":11,"stat.pickup.minecraft.brown_mushroom":2,"stat.mineBlock.minecraft.leaves":9,"stat.mineBlock.minecraft.sand":11,"stat.playOneMinute":33404,"stat.entityKilledBy.Zombie":1,"stat.killEntity.Sheep":9,"stat.craftItem.minecraft.wooden_hoe":1,"stat.sneakTime":1245,"stat.useItem.minecraft.stone_sword":42,"stat.pickup.minecraft.wool":13,"stat.damageDealt":1899,"stat.killEntity.Zombie":3,"stat.timeSinceDeath":14447,"stat.useItem.minecraft.wooden_axe":41,"stat.mineBlock.minecraft.dirt":159,"stat.craftItem.minecraft.wooden_pickaxe":1,"stat.mineBlock.minecraft.stone":26,"stat.killEntity.Pig":4,"stat.mineBlock.minecraft.tallgrass":75,"stat.pickup.minecraft.mutton":10,"stat.diveOneCm":1981}