{"stats":{"minecraft:crafted":{"minecraft:wooden_shovel":1,"minecraft:crafting_table":1,"minecraft:spruce_planks":16,"minecraft:stick":4,"minecraft:wooden_pickaxe":1,"minecraft:wooden_axe":1},"minecraft:custom":{"minecraft:time_since_rest":4528,"minecraft:sprint_one_cm":42520,"minecraft:damage_taken":410,"minecraft:walk_one_cm":40784,"minecraft:mob_kills":4,"minecraft:drop":2,"minecraft:damage_dealt":556,"minecraft:swim_one_cm":12289,"minecraft:talked_to_villager":1,"minecraft:interact_with_crafting_table":5,"minecraft:fly_one_cm":10179,"minecraft:open_chest":1,"minecraft:crouch_one_cm":4144,"minecraft:play_one_minute":20930,"minecraft:deaths":1,"minecraft:sneak_time":1128,"minecraft:walk_under_water_one_cm":4892,"minecraft:jump":138,"minecraft:leave_game":2,"minecraft:time_since_death":4378,"minecraft:walk_on_water_one_cm":6782,"minecraft:fall_one_cm":1407},"minecraft:picked_up":{"minecraft:wooden_axe":1,"minecraft:stick":2,"minecraft:crafting_table":3,"minecraft:brown_mushroom":1,"minecraft:wooden_pickaxe":1,"minecraft:porkchop":4,"minecraft:spruce_sapling":6,"minecraft:stripped_spruce_log":2,"minecraft:spruce_log":30,"minecraft:dirt":83,"minecraft:rotten_flesh":4,"minecraft:spruce_planks":3,"minecraft:wooden_shovel":1,"minecraft:poppy":1,"minecraft:chest":1},"minecraft:mined":{"minecraft:spruce_planks":4,"minecraft:spruce_log":18,"minecraft:stripped_spruce_log":2,"minecraft:crafting_table":2,"minecraft:grass_block":6,"minecraft:poppy":1,"minecraft:chest":1,"minecraft:dirt":27,"minecraft:spruce_leaves":1},"minecraft:killed":{"minecraft:zombie":1,"minecraft:pig":2},"minecraft:used":{"minecraft:wooden_axe":23,"minecraft:spruce_planks":4,"minecraft:wooden_shovel":26,"minecraft:rotten_flesh":3,"minecraft:dirt":26,"minecraft:crafting_table":2,"minecraft:spruce_log":4},"minecraft:dropped":{"minecraft:poppy":1,"minecraft:brown_mushroom":1}},"DataVersion":1976}