{"stat.pickup.minecraft.rotten_flesh":10,"stat.useItem.minecraft.bow":132,"stat.pickup.minecraft.sand":1,"stat.killEntity.Skeleton":1,"stat.walkOneCm":45974,"stat.pickup.minecraft.bone":2,"stat.useItem.minecraft.potato":1,"stat.pickup.minecraft.arrow":4,"stat.pickup.minecraft.anvil":1,"stat.damageTaken":156,"stat.killEntity.Enderman":1,"stat.mobKills":21,"stat.useItem.minecraft.diamond_sword":30,"stat.pickup.minecraft.dye":6,"stat.useItem.minecraft.anvil":1,"stat.flyOneCm":12629,"stat.drop":3,"stat.drop.minecraft.enchanted_book":1,"stat.jump":113,"stat.swimOneCm":16096,"stat.mineBlock.minecraft.leaves":1,"stat.pickup.minecraft.potato":1,"stat.playOneMinute":24066,"stat.fallOneCm":1138,"stat.killEntity.Sheep":1,"stat.pickup.minecraft.carrot":1,"stat.pickup.minecraft.cooked_porkchop":9,"stat.pickup.minecraft.wool":1,"stat.damageDealt":2129,"stat.drop.minecraft.anvil":1,"stat.killEntity.Zombie":8,"stat.drop.minecraft.arrow":2,"stat.timeSinceDeath":24066,"stat.killEntity.Squid":4,"stat.pickup.minecraft.ender_pearl":2,"stat.pickup.minecraft.dirt":1,"stat.sprintOneCm":11724,"stat.killEntity.Pig":1,"stat.diveOneCm":1260,"stat.pickup.minecraft.cooked_mutton":4}