{"stats":{"minecraft:dropped":{"minecraft:brown_mushroom":1,"minecraft:wheat_seeds":52,"minecraft:golden_pickaxe":1,"minecraft:feather":3,"minecraft:cobblestone":6,"minecraft:granite":2,"minecraft:oxeye_daisy":1,"minecraft:dirt":9,"minecraft:diorite":6,"minecraft:sand":1,"minecraft:string":10,"minecraft:white_wool":3,"minecraft:dandelion":1,"minecraft:gravel":6,"minecraft:stone_shovel":1,"minecraft:rotten_flesh":7,"minecraft:oak_planks":1,"minecraft:azure_bluet":1,"minecraft:filled_map":2,"minecraft:poppy":3,"minecraft:andesite":5,"minecraft:spider_eye":1,"minecraft:stone_pickaxe":1,"minecraft:egg":1},"minecraft:crafted":{"minecraft:oak_planks":36,"minecraft:stone_shovel":1,"minecraft:fishing_rod":1,"minecraft:cooked_chicken":4,"minecraft:furnace":5,"minecraft:cobblestone_stairs":4,"minecraft:bone_meal":12,"minecraft:glass_pane":16,"minecraft:glass":16,"minecraft:spruce_stairs":12,"minecraft:bow":2,"minecraft:iron_boots":1,"minecraft:iron_axe":1,"minecraft:spruce_slab":102,"minecraft:stone_pickaxe":2,"minecraft:chest":2,"minecraft:birch_door":3,"minecraft:stone_hoe":1,"minecraft:wooden_shovel":1,"minecraft:diamond_sword":1,"minecraft:emerald":43,"minecraft:cooked_porkchop":23,"minecraft:crafting_table":2,"minecraft:spruce_planks":238,"minecraft:iron_helmet":1,"minecraft:wooden_pickaxe":1,"minecraft:iron_sword":3,"minecraft:spruce_door":3,"minecraft:campfire":1,"minecraft:golden_shovel":2,"minecraft:hay_block":1,"minecraft:bucket":2,"minecraft:birch_planks":8,"minecraft:pumpkin_seeds":4,"minecraft:bread":1,"minecraft:air":0,"minecraft:blue_dye":1,"minecraft:white_wool":3,"minecraft:iron_chestplate":1,"minecraft:charcoal":16,"minecraft:shield":1,"minecraft:stick":72,"minecraft:iron_ingot":218,"minecraft:iron_pickaxe":2,"minecraft:wooden_axe":1,"minecraft:iron_block":3,"minecraft:iron_shovel":1,"minecraft:iron_leggings":1,"minecraft:anvil":1,"minecraft:white_bed":1,"minecraft:torch":128},"minecraft:picked_up":{"minecraft:wooden_axe":1,"minecraft:fishing_rod":1,"minecraft:charcoal":4,"minecraft:iron_chestplate":2,"minecraft:crafting_table":5,"minecraft:wheat":12,"minecraft:azure_bluet":1,"minecraft:chicken":4,"minecraft:anvil":2,"minecraft:brown_mushroom":1,"minecraft:wooden_pickaxe":1,"minecraft:enchanted_book":2,"minecraft:shield":2,"minecraft:cornflower":1,"minecraft:string":33,"minecraft:iron_axe":4,"minecraft:iron_leggings":3,"minecraft:pufferfish":4,"minecraft:spruce_planks":21,"minecraft:wooden_shovel":1,"minecraft:poppy":3,"minecraft:iron_pickaxe":1,"minecraft:spruce_slab":2,"minecraft:sugar_cane":3,"minecraft:chest":1,"minecraft:furnace":8,"minecraft:iron_boots":2,"minecraft:egg":3,"minecraft:stick":23,"minecraft:sandstone":2,"minecraft:spruce_stairs":5,"minecraft:torch":50,"minecraft:porkchop":12,"minecraft:diorite":35,"minecraft:carrot":3,"minecraft:arrow":24,"minecraft:stone_shovel":1,"minecraft:rotten_flesh":37,"minecraft:saddle":1,"minecraft:gold_ingot":2,"minecraft:stripped_oak_log":3,"minecraft:obsidian":4,"minecraft:mutton":5,"minecraft:cod":19,"minecraft:nautilus_shell":2,"minecraft:white_wool":6,"minecraft:cobblestone":271,"minecraft:oxeye_daisy":1,"minecraft:birch_log":8,"minecraft:feather":3,"minecraft:cooked_beef":13,"minecraft:andesite":17,"minecraft:salmon":8,"minecraft:leather":6,"minecraft:potato":11,"minecraft:filled_map":1,"minecraft:oak_log":52,"minecraft:gunpowder":8,"minecraft:cobblestone_stairs":3,"minecraft:stripped_birch_log":4,"minecraft:dirt":593,"minecraft:cooked_mutton":1,"minecraft:bone":15,"minecraft:apple":5,"minecraft:bow":5,"minecraft:wheat_seeds":93,"minecraft:iron_ingot":3,"minecraft:grindstone":2,"minecraft:stone_pickaxe":2,"minecraft:iron_ore":189,"minecraft:stone_hoe":2,"minecraft:iron_sword":3,"minecraft:oak_planks":1,"minecraft:pumpkin":2,"minecraft:sweet_berries":36,"minecraft:dandelion":1,"minecraft:gravel":7,"minecraft:sand":56,"minecraft:stripped_spruce_log":8,"minecraft:spruce_sapling":11,"minecraft:spruce_log":163,"minecraft:spruce_door":1,"minecraft:spider_eye":5,"minecraft:iron_helmet":3,"minecraft:granite":7,"minecraft:bread":18,"minecraft:emerald":30,"minecraft:oak_sapling":4,"minecraft:coal":475},"minecraft:killed":{"minecraft:cave_spider":7,"minecraft:spider":7,"minecraft:skeleton":10,"minecraft:chicken":4,"minecraft:drowned":1,"minecraft:turtle":1,"minecraft:pig":6,"minecraft:zombie_villager":1,"minecraft:creeper":5,"minecraft:sheep":1,"minecraft:zombie":24,"minecraft:enderman":1},"minecraft:custom":{"minecraft:mob_kills":70,"minecraft:interact_with_crafting_table":71,"minecraft:bell_ring":16,"minecraft:leave_game":17,"minecraft:time_since_death":80398,"minecraft:climb_one_cm":920,"minecraft:sprint_one_cm":467580,"minecraft:walk_one_cm":1148783,"minecraft:damage_blocked_by_shield":1525,"minecraft:drop":32,"minecraft:talked_to_villager":85,"minecraft:sneak_time":6507,"minecraft:deaths":2,"minecraft:walk_under_water_one_cm":24465,"minecraft:jump":2347,"minecraft:interact_with_brewingstand":1,"minecraft:walk_on_water_one_cm":34446,"minecraft:interact_with_furnace":124,"minecraft:traded_with_villager":46,"minecraft:interact_with_cartography_table":1,"minecraft:play_one_minute":328938,"minecraft:sleep_in_bed":13,"minecraft:time_since_rest":4588,"minecraft:damage_taken":2553,"minecraft:damage_dealt":11768,"minecraft:swim_one_cm":41948,"minecraft:fly_one_cm":271186,"minecraft:open_chest":73,"minecraft:crouch_one_cm":29622,"minecraft:interact_with_smoker":2,"minecraft:fish_caught":31,"minecraft:fall_one_cm":28945},"minecraft:mined":{"minecraft:spruce_planks":22,"minecraft:cobblestone_stairs":3,"minecraft:stripped_birch_log":4,"minecraft:granite":5,"minecraft:grass_block":330,"minecraft:spruce_leaves":11,"minecraft:oxeye_daisy":1,"minecraft:sandstone":2,"minecraft:furnace":8,"minecraft:iron_ore":186,"minecraft:stripped_spruce_log":6,"minecraft:andesite":15,"minecraft:pumpkin":1,"minecraft:anvil":2,"minecraft:stripped_oak_log":3,"minecraft:stone":257,"minecraft:white_wool":3,"minecraft:spruce_slab":2,"minecraft:podzol":68,"minecraft:crafting_table":4,"minecraft:cornflower":1,"minecraft:torch":20,"minecraft:poppy":1,"minecraft:chest":1,"minecraft:glass":4,"minecraft:grindstone":1,"minecraft:sugar_cane":1,"minecraft:wall_torch":9,"minecraft:diorite":35,"minecraft:spruce_stairs":5,"minecraft:seagrass":1,"minecraft:sweet_berry_bush":1,"minecraft:birch_log":8,"minecraft:wheat":14,"minecraft:spruce_log":153,"minecraft:grass":126,"minecraft:oak_log":53,"minecraft:coal_ore":421,"minecraft:sand":46,"minecraft:gravel":7,"minecraft:dirt":107,"minecraft:cobweb":18,"minecraft:oak_leaves":6,"minecraft:fern":2},"minecraft:killed_by":{"minecraft:zombie":1},"minecraft:broken":{"minecraft:wooden_shovel":1,"minecraft:golden_shovel":2,"minecraft:wooden_pickaxe":1,"minecraft:stone_pickaxe":1,"minecraft:shield":1,"minecraft:iron_axe":1,"minecraft:iron_pickaxe":3,"minecraft:golden_pickaxe":1,"minecraft:wooden_axe":1},"minecraft:used":{"minecraft:iron_shovel":220,"minecraft:spruce_slab":75,"minecraft:stone_shovel":86,"minecraft:chest":3,"minecraft:spruce_planks":140,"minecraft:iron_sword":269,"minecraft:wooden_shovel":65,"minecraft:cooked_chicken":4,"minecraft:rotten_flesh":8,"minecraft:stone_hoe":21,"minecraft:torch":175,"minecraft:dirt":427,"minecraft:anvil":3,"minecraft:spruce_stairs":17,"minecraft:carrot":3,"minecraft:golden_shovel":68,"minecraft:granite":3,"minecraft:stripped_spruce_log":3,"minecraft:birch_door":1,"minecraft:glass":4,"minecraft:wooden_axe":50,"minecraft:iron_axe":276,"minecraft:bow":25,"minecraft:hay_block":1,"minecraft:sweet_berries":11,"minecraft:furnace":12,"minecraft:egg":2,"minecraft:cooked_beef":5,"minecraft:wheat_seeds":37,"minecraft:cooked_mutton":1,"minecraft:water_bucket":11,"minecraft:diorite":18,"minecraft:iron_ore":1,"minecraft:cobblestone_stairs":3,"minecraft:spruce_door":1,"minecraft:stone_pickaxe":143,"minecraft:wooden_pickaxe":54,"minecraft:white_wool":3,"minecraft:sand":21,"minecraft:crafting_table":5,"minecraft:campfire":1,"minecraft:white_bed":1,"minecraft:spruce_log":24,"minecraft:oak_log":1,"minecraft:iron_pickaxe":772,"minecraft:bread":13,"minecraft:map":1,"minecraft:gravel":1,"minecraft:spruce_sapling":4,"minecraft:fishing_rod":56,"minecraft:cobblestone":98,"minecraft:grindstone":1,"minecraft:cooked_porkchop":10,"minecraft:andesite":1,"minecraft:bucket":13,"minecraft:glass_pane":16,"minecraft:golden_pickaxe":38,"minecraft:bone_meal":6}},"DataVersion":1976}