{
  "minecraft:recipes/redstone/dispenser": {
    "criteria": {
      "has_bow": "2024-08-13 00:50:51 +0000"
    },
    "done": true
  },
  "minecraft:recipes/decorations/chest": {
    "criteria": {
      "has_lots_of_items": "2024-08-13 00:48:35 +0000"
    },
    "done": true
  },
  "minecraft:story/shiny_gear": {
    "criteria": {
      "diamond_helmet": "2024-08-13 00:47:57 +0000"
    },
    "done": true
  },
  "minecraft:adventure/adventuring_time": {
    "criteria": {
      "forest_hills": "2024-08-13 00:46:50 +0000"
    },
    "done": false
  }
}